pages_to_free,repeat_index,is_warmup,num_unmapped,unmap_time_ms,wall_time_ms,returned_page_ids,unmapped_page_ids
1,1,True,1,0.3731474280357361,0.591544434428215,[0],[0]
1,2,True,1,0.2257954329252243,0.35036541521549225,[0],[0]
1,3,True,1,0.21244771778583527,0.3247670829296112,[0],[0]
1,4,False,1,0.19770674407482147,0.3058686852455139,[0],[0]
1,5,False,1,0.1992788165807724,0.3073364496231079,[0],[0]
1,6,False,1,0.19683130085468292,0.3032144159078598,[0],[0]
1,7,False,1,0.19863620400428772,0.3077387809753418,[0],[0]
1,8,False,1,0.19700825214385986,0.3021061420440674,[0],[0]
1,9,False,1,0.1968294382095337,0.3027208149433136,[0],[0]
1,10,False,1,0.24231337010860443,0.34629739820957184,[0],[0]
1,11,False,1,0.25312602519989014,0.3580693155527115,[0],[0]
1,12,False,1,0.2006981521844864,0.30552782118320465,[0],[0]
1,13,False,1,0.19833073019981384,0.3049727529287338,[0],[0]
1,14,False,1,0.1967214047908783,0.3000311553478241,[0],[0]
1,15,False,1,0.19674375653266907,0.3011208027601242,[0],[0]
1,16,False,1,0.267980620265007,0.391300767660141,[0],[0]
1,17,False,1,0.14544092118740082,0.2119317650794983,[0],[0]
1,18,False,1,0.1431535929441452,0.20863115787506104,[0],[0]
1,19,False,1,0.14500878751277924,0.2103317528963089,[0],[0]
1,20,False,1,0.14455243945121765,0.20870566368103027,[0],[0]
1,21,False,1,0.24601630866527557,0.31228363513946533,[0],[0]
1,22,False,1,0.15197321772575378,0.21698139607906342,[0],[0]
1,23,False,1,0.14481320977210999,0.21004676818847656,[0],[0]
2,1,True,2,0.3458205610513687,0.4217159003019333,"[1, 2]","[1, 2]"
2,2,True,2,0.33243559300899506,0.4021786153316498,"[1, 2]","[1, 2]"
2,3,True,2,0.33278390765190125,0.40158815681934357,"[1, 2]","[1, 2]"
2,4,False,2,0.333564355969429,0.4030708223581314,"[1, 2]","[1, 2]"
2,5,False,2,0.3321245312690735,0.403011217713356,"[1, 2]","[1, 2]"
2,6,False,2,0.44769980013370514,0.5241204053163528,"[1, 2]","[1, 2]"
2,7,False,2,0.4054531455039978,0.47599896788597107,"[1, 2]","[1, 2]"
2,8,False,2,0.3331676125526428,0.4032682627439499,"[1, 2]","[1, 2]"
2,9,False,2,0.33160485327243805,0.40031038224697113,"[1, 2]","[1, 2]"
2,10,False,2,0.3326255828142166,0.401180237531662,"[1, 2]","[1, 2]"
2,11,False,2,0.3348402678966522,0.40540099143981934,"[1, 2]","[1, 2]"
2,12,False,2,0.3323890268802643,0.4008784890174866,"[1, 2]","[1, 2]"
2,13,False,2,0.33203884959220886,0.4013963043689728,"[1, 2]","[1, 2]"
2,14,False,2,0.39377808570861816,0.4633702337741852,"[1, 2]","[1, 2]"
2,15,False,2,0.3338269889354706,0.4034265875816345,"[1, 2]","[1, 2]"
2,16,False,2,0.3332160413265228,0.4022810608148575,"[1, 2]","[1, 2]"
2,17,False,2,0.3343652933835983,0.40313228964805603,"[1, 2]","[1, 2]"
2,18,False,2,0.33013708889484406,0.3985166549682617,"[1, 2]","[1, 2]"
2,19,False,2,0.3324802964925766,0.4009827971458435,"[1, 2]","[1, 2]"
2,20,False,2,0.3288108855485916,0.39656832814216614,"[1, 2]","[1, 2]"
2,21,False,2,0.33140741288661957,0.4032328724861145,"[1, 2]","[1, 2]"
2,22,False,2,0.33093616366386414,0.41566602885723114,"[1, 2]","[1, 2]"
2,23,False,2,0.33306702971458435,0.4025120288133621,"[1, 2]","[1, 2]"
3,1,True,3,0.5309265106916428,0.6055515259504318,"[3, 4, 5]","[3, 4, 5]"
3,2,True,3,0.5204211920499802,0.5918927490711212,"[3, 4, 5]","[3, 4, 5]"
3,3,True,3,0.5329679697751999,0.6082281470298767,"[3, 4, 5]","[3, 4, 5]"
3,4,False,3,0.51901675760746,0.5897302180528641,"[3, 4, 5]","[3, 4, 5]"
3,5,False,3,0.5178842693567276,0.5882475525140762,"[3, 4, 5]","[3, 4, 5]"
3,6,False,3,0.5207173526287079,0.589979812502861,"[3, 4, 5]","[3, 4, 5]"
3,7,False,3,0.5355328321456909,0.6099790334701538,"[3, 4, 5]","[3, 4, 5]"
3,8,False,3,0.5180034786462784,0.5885455757379532,"[3, 4, 5]","[3, 4, 5]"
3,9,False,3,0.5182381719350815,0.5873478949069977,"[3, 4, 5]","[3, 4, 5]"
3,10,False,3,0.5201827734708786,0.5907230079174042,"[3, 4, 5]","[3, 4, 5]"
3,11,False,3,0.520637258887291,0.5929321050643921,"[3, 4, 5]","[3, 4, 5]"
3,12,False,3,0.5200039595365524,0.5909428000450134,"[3, 4, 5]","[3, 4, 5]"
3,13,False,3,0.5191005766391754,0.589367002248764,"[3, 4, 5]","[3, 4, 5]"
3,14,False,3,0.5172286182641983,0.5889814347028732,"[3, 4, 5]","[3, 4, 5]"
3,15,False,3,0.5241464823484421,0.5966126918792725,"[3, 4, 5]","[3, 4, 5]"
3,16,False,3,0.5192328244447708,0.5895048379898071,"[3, 4, 5]","[3, 4, 5]"
3,17,False,3,0.5169566720724106,0.58756023645401,"[3, 4, 5]","[3, 4, 5]"
3,18,False,3,0.5191247910261154,0.5892831832170486,"[3, 4, 5]","[3, 4, 5]"
3,19,False,3,0.54900161921978,0.6277859210968018,"[3, 4, 5]","[3, 4, 5]"
3,20,False,3,0.519951805472374,0.5909930914640427,"[3, 4, 5]","[3, 4, 5]"
3,21,False,3,0.5191154778003693,0.5888864398002625,"[3, 4, 5]","[3, 4, 5]"
3,22,False,3,0.5190446972846985,0.5891881883144379,"[3, 4, 5]","[3, 4, 5]"
3,23,False,3,0.5194246768951416,0.5928333848714828,"[3, 4, 5]","[3, 4, 5]"
4,1,True,4,0.7239282131195068,0.8019283413887024,"[6, 7, 8, 9]","[6, 7, 8, 9]"
4,2,True,4,0.7129758596420288,0.7864609360694885,"[6, 7, 8, 9]","[6, 7, 8, 9]"
4,3,True,4,0.7269363850355148,0.8041094988584518,"[6, 7, 8, 9]","[6, 7, 8, 9]"
4,4,False,4,0.7059965282678604,0.7779914885759354,"[6, 7, 8, 9]","[6, 7, 8, 9]"
4,5,False,4,0.7113795727491379,0.7838252931833267,"[6, 7, 8, 9]","[6, 7, 8, 9]"
4,6,False,4,0.7147267460823059,0.7874723523855209,"[6, 7, 8, 9]","[6, 7, 8, 9]"
4,7,False,4,0.7097646594047546,0.781480222940445,"[6, 7, 8, 9]","[6, 7, 8, 9]"
4,8,False,4,1.553284004330635,1.626690849661827,"[6, 7, 8, 9]","[6, 7, 8, 9]"
4,9,False,4,2.256041392683983,2.3295264691114426,"[6, 7, 8, 9]","[6, 7, 8, 9]"
4,10,False,4,1.4097914099693298,1.4832131564617157,"[6, 7, 8, 9]","[6, 7, 8, 9]"
4,11,False,4,1.6614720225334167,1.7358195036649704,"[6, 7, 8, 9]","[6, 7, 8, 9]"
4,12,False,4,1.304343342781067,1.3756658881902695,"[6, 7, 8, 9]","[6, 7, 8, 9]"
4,13,False,4,1.645199954509735,1.7171502113342285,"[6, 7, 8, 9]","[6, 7, 8, 9]"
4,14,False,4,1.6008038073778152,1.675829291343689,"[6, 7, 8, 9]","[6, 7, 8, 9]"
4,15,False,4,1.3012699782848358,1.3726409524679184,"[6, 7, 8, 9]","[6, 7, 8, 9]"
4,16,False,4,1.1671185493469238,1.2392010539770126,"[6, 7, 8, 9]","[6, 7, 8, 9]"
4,17,False,4,0.7072128355503082,0.7781330496072769,"[6, 7, 8, 9]","[6, 7, 8, 9]"
4,18,False,4,0.7240790873765945,0.8012726902961731,"[6, 7, 8, 9]","[6, 7, 8, 9]"
4,19,False,4,0.7076449692249298,0.7815323770046234,"[6, 7, 8, 9]","[6, 7, 8, 9]"
4,20,False,4,0.7068850100040436,0.7831882685422897,"[6, 7, 8, 9]","[6, 7, 8, 9]"
4,21,False,4,1.3314951211214066,1.4055725187063217,"[6, 7, 8, 9]","[6, 7, 8, 9]"
4,22,False,4,0.7058959454298019,0.7769782096147537,"[6, 7, 8, 9]","[6, 7, 8, 9]"
4,23,False,4,0.7060039788484573,0.7780604064464569,"[6, 7, 8, 9]","[6, 7, 8, 9]"
5,1,True,5,0.9103883057832718,0.9871721267700195,"[10, 11, 12, 13, 14]","[10, 11, 12, 13, 14]"
5,2,True,5,0.8974000811576843,0.971989706158638,"[10, 11, 12, 13, 14]","[10, 11, 12, 13, 14]"
5,3,True,5,0.9064730256795883,0.9801909327507019,"[10, 11, 12, 13, 14]","[10, 11, 12, 13, 14]"
5,4,False,5,0.8927099406719208,0.9650308638811111,"[10, 11, 12, 13, 14]","[10, 11, 12, 13, 14]"
5,5,False,5,0.8975043892860413,0.9706262499094009,"[10, 11, 12, 13, 14]","[10, 11, 12, 13, 14]"
5,6,False,5,0.8938256651163101,0.9644385427236557,"[10, 11, 12, 13, 14]","[10, 11, 12, 13, 14]"
5,7,False,5,0.8920244872570038,0.9634047746658325,"[10, 11, 12, 13, 14]","[10, 11, 12, 13, 14]"
5,8,False,5,0.9137261658906937,0.9942594915628433,"[10, 11, 12, 13, 14]","[10, 11, 12, 13, 14]"
5,9,False,5,0.8957944810390472,0.9694620966911316,"[10, 11, 12, 13, 14]","[10, 11, 12, 13, 14]"
5,10,False,5,0.8949507027864456,0.9691882878541946,"[10, 11, 12, 13, 14]","[10, 11, 12, 13, 14]"
5,11,False,5,0.8964650332927704,0.9685363620519638,"[10, 11, 12, 13, 14]","[10, 11, 12, 13, 14]"
5,12,False,5,0.8952710777521133,0.9677056223154068,"[10, 11, 12, 13, 14]","[10, 11, 12, 13, 14]"
5,13,False,5,0.9691175073385239,1.0668039321899414,"[10, 11, 12, 13, 14]","[10, 11, 12, 13, 14]"
5,14,False,5,0.8972585201263428,0.9740870445966721,"[10, 11, 12, 13, 14]","[10, 11, 12, 13, 14]"
5,15,False,5,0.8971896022558212,0.9760428220033646,"[10, 11, 12, 13, 14]","[10, 11, 12, 13, 14]"
5,16,False,5,0.895969569683075,0.9716078639030457,"[10, 11, 12, 13, 14]","[10, 11, 12, 13, 14]"
5,17,False,5,0.8962303400039673,0.9702965617179871,"[10, 11, 12, 13, 14]","[10, 11, 12, 13, 14]"
5,18,False,5,0.8976813405752182,0.9726807475090027,"[10, 11, 12, 13, 14]","[10, 11, 12, 13, 14]"
5,19,False,5,0.898316502571106,0.9722895920276642,"[10, 11, 12, 13, 14]","[10, 11, 12, 13, 14]"
5,20,False,5,0.9076874703168869,0.985344871878624,"[10, 11, 12, 13, 14]","[10, 11, 12, 13, 14]"
5,21,False,5,0.8960757404565811,0.9681154042482376,"[10, 11, 12, 13, 14]","[10, 11, 12, 13, 14]"
5,22,False,5,0.8914563804864883,0.9630285203456879,"[10, 11, 12, 13, 14]","[10, 11, 12, 13, 14]"
5,23,False,5,0.896429643034935,0.9700749069452286,"[10, 11, 12, 13, 14]","[10, 11, 12, 13, 14]"
6,1,True,6,1.1019371449947357,1.1816397309303284,"[15, 16, 17, 18, 19, 20]","[15, 16, 17, 18, 19, 20]"
6,2,True,6,1.0913573205471039,1.1656340211629868,"[15, 16, 17, 18, 19, 20]","[15, 16, 17, 18, 19, 20]"
6,3,True,6,1.084655523300171,1.1581722646951675,"[15, 16, 17, 18, 19, 20]","[15, 16, 17, 18, 19, 20]"
6,4,False,6,1.086914911866188,1.1610724031925201,"[15, 16, 17, 18, 19, 20]","[15, 16, 17, 18, 19, 20]"
6,5,False,6,1.084655523300171,1.1574756354093552,"[15, 16, 17, 18, 19, 20]","[15, 16, 17, 18, 19, 20]"
6,6,False,6,1.0871272534132004,1.1610817164182663,"[15, 16, 17, 18, 19, 20]","[15, 16, 17, 18, 19, 20]"
6,7,False,6,1.0810364037752151,1.1526495218276978,"[15, 16, 17, 18, 19, 20]","[15, 16, 17, 18, 19, 20]"
6,8,False,6,1.0876357555389404,1.1588633060455322,"[15, 16, 17, 18, 19, 20]","[15, 16, 17, 18, 19, 20]"
6,9,False,6,1.0832957923412323,1.1550411581993103,"[15, 16, 17, 18, 19, 20]","[15, 16, 17, 18, 19, 20]"
6,10,False,6,1.0853204876184464,1.1614132672548294,"[15, 16, 17, 18, 19, 20]","[15, 16, 17, 18, 19, 20]"
6,11,False,6,1.0836664587259293,1.1546574532985687,"[15, 16, 17, 18, 19, 20]","[15, 16, 17, 18, 19, 20]"
6,12,False,6,1.0839197784662247,1.1568330228328705,"[15, 16, 17, 18, 19, 20]","[15, 16, 17, 18, 19, 20]"
6,13,False,6,1.085462048649788,1.158192753791809,"[15, 16, 17, 18, 19, 20]","[15, 16, 17, 18, 19, 20]"
6,14,False,6,1.0836794972419739,1.157885417342186,"[15, 16, 17, 18, 19, 20]","[15, 16, 17, 18, 19, 20]"
6,15,False,6,1.0805483907461166,1.1568441987037659,"[15, 16, 17, 18, 19, 20]","[15, 16, 17, 18, 19, 20]"
6,16,False,6,1.0916069149971008,1.1724364012479782,"[15, 16, 17, 18, 19, 20]","[15, 16, 17, 18, 19, 20]"
6,17,False,6,1.0845251381397247,1.1572428047657013,"[15, 16, 17, 18, 19, 20]","[15, 16, 17, 18, 19, 20]"
6,18,False,6,1.0829027742147446,1.1562872678041458,"[15, 16, 17, 18, 19, 20]","[15, 16, 17, 18, 19, 20]"
6,19,False,6,1.0816492140293121,1.1528600007295609,"[15, 16, 17, 18, 19, 20]","[15, 16, 17, 18, 19, 20]"
6,20,False,6,1.0839719325304031,1.1684522032737732,"[15, 16, 17, 18, 19, 20]","[15, 16, 17, 18, 19, 20]"
6,21,False,6,1.0833647102117538,1.15945003926754,"[15, 16, 17, 18, 19, 20]","[15, 16, 17, 18, 19, 20]"
6,22,False,6,1.0823924094438553,1.1539086699485779,"[15, 16, 17, 18, 19, 20]","[15, 16, 17, 18, 19, 20]"
6,23,False,6,1.0852199047803879,1.1573173105716705,"[15, 16, 17, 18, 19, 20]","[15, 16, 17, 18, 19, 20]"
7,1,True,7,1.2940187007188797,1.3765040785074234,"[21, 22, 23, 24, 25, 26, 27]","[21, 22, 23, 24, 25, 26, 27]"
7,2,True,7,1.2793727219104767,1.3540107756853104,"[21, 22, 23, 24, 25, 26, 27]","[21, 22, 23, 24, 25, 26, 27]"
7,3,True,7,1.4067236334085464,1.4959219843149185,"[21, 22, 23, 24, 25, 26, 27]","[21, 22, 23, 24, 25, 26, 27]"
7,4,False,7,1.2778211385011673,1.3517607003450394,"[21, 22, 23, 24, 25, 26, 27]","[21, 22, 23, 24, 25, 26, 27]"
7,5,False,7,1.2794919312000275,1.3535227626562119,"[21, 22, 23, 24, 25, 26, 27]","[21, 22, 23, 24, 25, 26, 27]"
7,6,False,7,1.271398738026619,1.3438090682029724,"[21, 22, 23, 24, 25, 26, 27]","[21, 22, 23, 24, 25, 26, 27]"
7,7,False,7,1.2752488255500793,1.3473518192768097,"[21, 22, 23, 24, 25, 26, 27]","[21, 22, 23, 24, 25, 26, 27]"
7,8,False,7,1.2752171605825424,1.3506393879652023,"[21, 22, 23, 24, 25, 26, 27]","[21, 22, 23, 24, 25, 26, 27]"
7,9,False,7,1.2753363698720932,1.3477262109518051,"[21, 22, 23, 24, 25, 26, 27]","[21, 22, 23, 24, 25, 26, 27]"
7,10,False,7,1.2869741767644882,1.3640951365232468,"[21, 22, 23, 24, 25, 26, 27]","[21, 22, 23, 24, 25, 26, 27]"
7,11,False,7,1.2742914259433746,1.3466216623783112,"[21, 22, 23, 24, 25, 26, 27]","[21, 22, 23, 24, 25, 26, 27]"
7,12,False,7,1.2809354811906815,1.3551954180002213,"[21, 22, 23, 24, 25, 26, 27]","[21, 22, 23, 24, 25, 26, 27]"
7,13,False,7,1.2725163251161575,1.346483826637268,"[21, 22, 23, 24, 25, 26, 27]","[21, 22, 23, 24, 25, 26, 27]"
7,14,False,7,1.2950506061315536,1.3717841356992722,"[21, 22, 23, 24, 25, 26, 27]","[21, 22, 23, 24, 25, 26, 27]"
7,15,False,7,1.2708678841590881,1.3503972440958023,"[21, 22, 23, 24, 25, 26, 27]","[21, 22, 23, 24, 25, 26, 27]"
7,16,False,7,1.2708529829978943,1.3441909104585648,"[21, 22, 23, 24, 25, 26, 27]","[21, 22, 23, 24, 25, 26, 27]"
7,17,False,7,1.2699458748102188,1.3426076620817184,"[21, 22, 23, 24, 25, 26, 27]","[21, 22, 23, 24, 25, 26, 27]"
7,18,False,7,1.2684054672718048,1.3420134782791138,"[21, 22, 23, 24, 25, 26, 27]","[21, 22, 23, 24, 25, 26, 27]"
7,19,False,7,1.2919604778289795,1.3756509870290756,"[21, 22, 23, 24, 25, 26, 27]","[21, 22, 23, 24, 25, 26, 27]"
7,20,False,7,1.2685991823673248,1.3427864760160446,"[21, 22, 23, 24, 25, 26, 27]","[21, 22, 23, 24, 25, 26, 27]"
7,21,False,7,1.2764930725097656,1.3533979654312134,"[21, 22, 23, 24, 25, 26, 27]","[21, 22, 23, 24, 25, 26, 27]"
7,22,False,7,1.268899068236351,1.341119408607483,"[21, 22, 23, 24, 25, 26, 27]","[21, 22, 23, 24, 25, 26, 27]"
7,23,False,7,1.273270696401596,1.3469550758600235,"[21, 22, 23, 24, 25, 26, 27]","[21, 22, 23, 24, 25, 26, 27]"
8,1,True,8,1.4900919049978256,1.5735197812318802,"[28, 29, 30, 31, 32, 33, 34, 35]","[28, 29, 30, 31, 32, 33, 34, 35]"
8,2,True,8,1.4627892524003983,1.5381257981061935,"[28, 29, 30, 31, 32, 33, 34, 35]","[28, 29, 30, 31, 32, 33, 34, 35]"
8,3,True,8,1.462625339627266,1.5395022928714752,"[28, 29, 30, 31, 32, 33, 34, 35]","[28, 29, 30, 31, 32, 33, 34, 35]"
8,4,False,8,1.4562811702489853,1.530975103378296,"[28, 29, 30, 31, 32, 33, 34, 35]","[28, 29, 30, 31, 32, 33, 34, 35]"
8,5,False,8,1.4622770249843597,1.538153737783432,"[28, 29, 30, 31, 32, 33, 34, 35]","[28, 29, 30, 31, 32, 33, 34, 35]"
8,6,False,8,1.4614295214414597,1.5372075140476227,"[28, 29, 30, 31, 32, 33, 34, 35]","[28, 29, 30, 31, 32, 33, 34, 35]"
8,7,False,8,1.4590024948120117,1.5341639518737793,"[28, 29, 30, 31, 32, 33, 34, 35]","[28, 29, 30, 31, 32, 33, 34, 35]"
8,8,False,8,1.456432044506073,1.5306584537029266,"[28, 29, 30, 31, 32, 33, 34, 35]","[28, 29, 30, 31, 32, 33, 34, 35]"
8,9,False,8,1.4577768743038177,1.5349779278039932,"[28, 29, 30, 31, 32, 33, 34, 35]","[28, 29, 30, 31, 32, 33, 34, 35]"
8,10,False,8,1.4579929411411285,1.5303529798984528,"[28, 29, 30, 31, 32, 33, 34, 35]","[28, 29, 30, 31, 32, 33, 34, 35]"
8,11,False,8,1.4576241374015808,1.5325937420129776,"[28, 29, 30, 31, 32, 33, 34, 35]","[28, 29, 30, 31, 32, 33, 34, 35]"
8,12,False,8,1.4608241617679596,1.5340615063905716,"[28, 29, 30, 31, 32, 33, 34, 35]","[28, 29, 30, 31, 32, 33, 34, 35]"
8,13,False,8,1.4625024050474167,1.5366412699222565,"[28, 29, 30, 31, 32, 33, 34, 35]","[28, 29, 30, 31, 32, 33, 34, 35]"
8,14,False,8,1.466400921344757,1.5413798391819,"[28, 29, 30, 31, 32, 33, 34, 35]","[28, 29, 30, 31, 32, 33, 34, 35]"
8,15,False,8,1.4604628086090088,1.5345383435487747,"[28, 29, 30, 31, 32, 33, 34, 35]","[28, 29, 30, 31, 32, 33, 34, 35]"
8,16,False,8,1.4596860855817795,1.5324950218200684,"[28, 29, 30, 31, 32, 33, 34, 35]","[28, 29, 30, 31, 32, 33, 34, 35]"
8,17,False,8,1.4651399105787277,1.5404503792524338,"[28, 29, 30, 31, 32, 33, 34, 35]","[28, 29, 30, 31, 32, 33, 34, 35]"
8,18,False,8,1.458859071135521,1.531274989247322,"[28, 29, 30, 31, 32, 33, 34, 35]","[28, 29, 30, 31, 32, 33, 34, 35]"
8,19,False,8,1.461794599890709,1.537257805466652,"[28, 29, 30, 31, 32, 33, 34, 35]","[28, 29, 30, 31, 32, 33, 34, 35]"
8,20,False,8,1.462286338210106,1.536548137664795,"[28, 29, 30, 31, 32, 33, 34, 35]","[28, 29, 30, 31, 32, 33, 34, 35]"
8,21,False,8,1.457883045077324,1.53253972530365,"[28, 29, 30, 31, 32, 33, 34, 35]","[28, 29, 30, 31, 32, 33, 34, 35]"
8,22,False,8,1.4687571674585342,1.5443675220012665,"[28, 29, 30, 31, 32, 33, 34, 35]","[28, 29, 30, 31, 32, 33, 34, 35]"
8,23,False,8,1.456625759601593,1.5308912843465805,"[28, 29, 30, 31, 32, 33, 34, 35]","[28, 29, 30, 31, 32, 33, 34, 35]"
9,1,True,9,1.6719885170459747,1.750783994793892,"[36, 37, 38, 39, 40, 41, 42, 43, 44]","[36, 37, 38, 39, 40, 41, 42, 43, 44]"
9,2,True,9,1.667877659201622,1.7472431063652039,"[36, 37, 38, 39, 40, 41, 42, 43, 44]","[36, 37, 38, 39, 40, 41, 42, 43, 44]"
9,3,True,9,1.6480907797813416,1.7245244234800339,"[36, 37, 38, 39, 40, 41, 42, 43, 44]","[36, 37, 38, 39, 40, 41, 42, 43, 44]"
9,4,False,9,1.64780393242836,1.7228927463293076,"[36, 37, 38, 39, 40, 41, 42, 43, 44]","[36, 37, 38, 39, 40, 41, 42, 43, 44]"
9,5,False,9,1.6542840749025345,1.7298255115747452,"[36, 37, 38, 39, 40, 41, 42, 43, 44]","[36, 37, 38, 39, 40, 41, 42, 43, 44]"
9,6,False,9,1.6504079103469849,1.7300844192504883,"[36, 37, 38, 39, 40, 41, 42, 43, 44]","[36, 37, 38, 39, 40, 41, 42, 43, 44]"
9,7,False,9,1.650022342801094,1.7243679612874985,"[36, 37, 38, 39, 40, 41, 42, 43, 44]","[36, 37, 38, 39, 40, 41, 42, 43, 44]"
9,8,False,9,1.6437824815511703,1.7173774540424347,"[36, 37, 38, 39, 40, 41, 42, 43, 44]","[36, 37, 38, 39, 40, 41, 42, 43, 44]"
9,9,False,9,1.6500428318977356,1.7250031232833862,"[36, 37, 38, 39, 40, 41, 42, 43, 44]","[36, 37, 38, 39, 40, 41, 42, 43, 44]"
9,10,False,9,1.6464274376630783,1.720815896987915,"[36, 37, 38, 39, 40, 41, 42, 43, 44]","[36, 37, 38, 39, 40, 41, 42, 43, 44]"
9,11,False,9,1.6463622450828552,1.7253067344427109,"[36, 37, 38, 39, 40, 41, 42, 43, 44]","[36, 37, 38, 39, 40, 41, 42, 43, 44]"
9,12,False,9,1.6471408307552338,1.7225593328475952,"[36, 37, 38, 39, 40, 41, 42, 43, 44]","[36, 37, 38, 39, 40, 41, 42, 43, 44]"
9,13,False,9,1.6523320227861404,1.7271600663661957,"[36, 37, 38, 39, 40, 41, 42, 43, 44]","[36, 37, 38, 39, 40, 41, 42, 43, 44]"
9,14,False,9,1.6457568854093552,1.7203185707330704,"[36, 37, 38, 39, 40, 41, 42, 43, 44]","[36, 37, 38, 39, 40, 41, 42, 43, 44]"
9,15,False,9,1.6509182751178741,1.7284657806158066,"[36, 37, 38, 39, 40, 41, 42, 43, 44]","[36, 37, 38, 39, 40, 41, 42, 43, 44]"
9,16,False,9,1.656860113143921,1.7337743192911148,"[36, 37, 38, 39, 40, 41, 42, 43, 44]","[36, 37, 38, 39, 40, 41, 42, 43, 44]"
9,17,False,9,1.6477983444929123,1.7215386033058167,"[36, 37, 38, 39, 40, 41, 42, 43, 44]","[36, 37, 38, 39, 40, 41, 42, 43, 44]"
9,18,False,9,1.6455445438623428,1.720614731311798,"[36, 37, 38, 39, 40, 41, 42, 43, 44]","[36, 37, 38, 39, 40, 41, 42, 43, 44]"
9,19,False,9,1.8400773406028748,1.9258186221122742,"[36, 37, 38, 39, 40, 41, 42, 43, 44]","[36, 37, 38, 39, 40, 41, 42, 43, 44]"
9,20,False,9,1.645263284444809,1.7211344093084335,"[36, 37, 38, 39, 40, 41, 42, 43, 44]","[36, 37, 38, 39, 40, 41, 42, 43, 44]"
9,21,False,9,1.6422215849161148,1.7173588275909424,"[36, 37, 38, 39, 40, 41, 42, 43, 44]","[36, 37, 38, 39, 40, 41, 42, 43, 44]"
9,22,False,9,1.66216678917408,1.740630716085434,"[36, 37, 38, 39, 40, 41, 42, 43, 44]","[36, 37, 38, 39, 40, 41, 42, 43, 44]"
9,23,False,9,1.6442108899354935,1.7200708389282227,"[36, 37, 38, 39, 40, 41, 42, 43, 44]","[36, 37, 38, 39, 40, 41, 42, 43, 44]"
10,1,True,10,1.864096149802208,1.9520428031682968,"[45, 46, 47, 48, 49, 50, 51, 52, 53, 54]","[45, 46, 47, 48, 49, 50, 51, 52, 53, 54]"
10,2,True,10,1.838289201259613,1.9142869859933853,"[45, 46, 47, 48, 49, 50, 51, 52, 53, 54]","[45, 46, 47, 48, 49, 50, 51, 52, 53, 54]"
10,3,True,10,1.836603507399559,1.912429928779602,"[45, 46, 47, 48, 49, 50, 51, 52, 53, 54]","[45, 46, 47, 48, 49, 50, 51, 52, 53, 54]"
10,4,False,10,1.8309708684682846,1.9092205911874771,"[45, 46, 47, 48, 49, 50, 51, 52, 53, 54]","[45, 46, 47, 48, 49, 50, 51, 52, 53, 54]"
10,5,False,10,1.8333736807107925,1.9097290933132172,"[45, 46, 47, 48, 49, 50, 51, 52, 53, 54]","[45, 46, 47, 48, 49, 50, 51, 52, 53, 54]"
10,6,False,10,1.8355250358581543,1.9094198942184448,"[45, 46, 47, 48, 49, 50, 51, 52, 53, 54]","[45, 46, 47, 48, 49, 50, 51, 52, 53, 54]"
10,7,False,10,1.8379241228103638,1.913042739033699,"[45, 46, 47, 48, 49, 50, 51, 52, 53, 54]","[45, 46, 47, 48, 49, 50, 51, 52, 53, 54]"
10,8,False,10,1.833876594901085,1.9107591360807419,"[45, 46, 47, 48, 49, 50, 51, 52, 53, 54]","[45, 46, 47, 48, 49, 50, 51, 52, 53, 54]"
10,9,False,10,1.8367357552051544,1.9123423844575882,"[45, 46, 47, 48, 49, 50, 51, 52, 53, 54]","[45, 46, 47, 48, 49, 50, 51, 52, 53, 54]"
10,10,False,10,1.8363706767559052,1.9103363156318665,"[45, 46, 47, 48, 49, 50, 51, 52, 53, 54]","[45, 46, 47, 48, 49, 50, 51, 52, 53, 54]"
10,11,False,10,1.8399525433778763,1.9150767475366592,"[45, 46, 47, 48, 49, 50, 51, 52, 53, 54]","[45, 46, 47, 48, 49, 50, 51, 52, 53, 54]"
10,12,False,10,1.8354803323745728,1.9100774079561234,"[45, 46, 47, 48, 49, 50, 51, 52, 53, 54]","[45, 46, 47, 48, 49, 50, 51, 52, 53, 54]"
10,13,False,10,1.8368307501077652,1.912662759423256,"[45, 46, 47, 48, 49, 50, 51, 52, 53, 54]","[45, 46, 47, 48, 49, 50, 51, 52, 53, 54]"
10,14,False,10,1.83970108628273,1.9198358058929443,"[45, 46, 47, 48, 49, 50, 51, 52, 53, 54]","[45, 46, 47, 48, 49, 50, 51, 52, 53, 54]"
10,15,False,10,1.838216558098793,1.9144117832183838,"[45, 46, 47, 48, 49, 50, 51, 52, 53, 54]","[45, 46, 47, 48, 49, 50, 51, 52, 53, 54]"
10,16,False,10,1.8356554210186005,1.9099246710538864,"[45, 46, 47, 48, 49, 50, 51, 52, 53, 54]","[45, 46, 47, 48, 49, 50, 51, 52, 53, 54]"
10,17,False,10,1.8574483692646027,1.9375234842300415,"[45, 46, 47, 48, 49, 50, 51, 52, 53, 54]","[45, 46, 47, 48, 49, 50, 51, 52, 53, 54]"
10,18,False,10,1.8409490585327148,1.9170325249433517,"[45, 46, 47, 48, 49, 50, 51, 52, 53, 54]","[45, 46, 47, 48, 49, 50, 51, 52, 53, 54]"
10,19,False,10,1.8336884677410126,1.9083190709352493,"[45, 46, 47, 48, 49, 50, 51, 52, 53, 54]","[45, 46, 47, 48, 49, 50, 51, 52, 53, 54]"
10,20,False,10,1.8346551805734634,1.9097477197647095,"[45, 46, 47, 48, 49, 50, 51, 52, 53, 54]","[45, 46, 47, 48, 49, 50, 51, 52, 53, 54]"
10,21,False,10,1.8401723355054855,1.9167754799127579,"[45, 46, 47, 48, 49, 50, 51, 52, 53, 54]","[45, 46, 47, 48, 49, 50, 51, 52, 53, 54]"
10,22,False,10,1.8457788974046707,1.923631876707077,"[45, 46, 47, 48, 49, 50, 51, 52, 53, 54]","[45, 46, 47, 48, 49, 50, 51, 52, 53, 54]"
10,23,False,10,1.8393155187368393,1.9208937883377075,"[45, 46, 47, 48, 49, 50, 51, 52, 53, 54]","[45, 46, 47, 48, 49, 50, 51, 52, 53, 54]"
11,1,True,11,2.0603053271770477,2.1481625735759735,"[55, 56, 57, 58, 59, 60, 61, 62, 63, 64, 65]","[55, 56, 57, 58, 59, 60, 61, 62, 63, 64, 65]"
11,2,True,11,2.023572102189064,2.1015163511037827,"[55, 56, 57, 58, 59, 60, 61, 62, 63, 64, 65]","[55, 56, 57, 58, 59, 60, 61, 62, 63, 64, 65]"
11,3,True,11,2.0226482301950455,2.100881189107895,"[55, 56, 57, 58, 59, 60, 61, 62, 63, 64, 65]","[55, 56, 57, 58, 59, 60, 61, 62, 63, 64, 65]"
11,4,False,11,2.0209550857543945,2.0960886031389236,"[55, 56, 57, 58, 59, 60, 61, 62, 63, 64, 65]","[55, 56, 57, 58, 59, 60, 61, 62, 63, 64, 65]"
11,5,False,11,2.042088657617569,2.122577279806137,"[55, 56, 57, 58, 59, 60, 61, 62, 63, 64, 65]","[55, 56, 57, 58, 59, 60, 61, 62, 63, 64, 65]"
11,6,False,11,2.0235422998666763,2.1010786294937134,"[55, 56, 57, 58, 59, 60, 61, 62, 63, 64, 65]","[55, 56, 57, 58, 59, 60, 61, 62, 63, 64, 65]"
11,7,False,11,2.0547937601804733,2.137366682291031,"[55, 56, 57, 58, 59, 60, 61, 62, 63, 64, 65]","[55, 56, 57, 58, 59, 60, 61, 62, 63, 64, 65]"
11,8,False,11,2.0288582891225815,2.1042674779891968,"[55, 56, 57, 58, 59, 60, 61, 62, 63, 64, 65]","[55, 56, 57, 58, 59, 60, 61, 62, 63, 64, 65]"
11,9,False,11,2.025732770562172,2.101251855492592,"[55, 56, 57, 58, 59, 60, 61, 62, 63, 64, 65]","[55, 56, 57, 58, 59, 60, 61, 62, 63, 64, 65]"
11,10,False,11,2.0247455686330795,2.102106809616089,"[55, 56, 57, 58, 59, 60, 61, 62, 63, 64, 65]","[55, 56, 57, 58, 59, 60, 61, 62, 63, 64, 65]"
11,11,False,11,2.028532326221466,2.1051298826932907,"[55, 56, 57, 58, 59, 60, 61, 62, 63, 64, 65]","[55, 56, 57, 58, 59, 60, 61, 62, 63, 64, 65]"
11,12,False,11,2.0295921713113785,2.1074116230010986,"[55, 56, 57, 58, 59, 60, 61, 62, 63, 64, 65]","[55, 56, 57, 58, 59, 60, 61, 62, 63, 64, 65]"
11,13,False,11,2.0322203636169434,2.109359949827194,"[55, 56, 57, 58, 59, 60, 61, 62, 63, 64, 65]","[55, 56, 57, 58, 59, 60, 61, 62, 63, 64, 65]"
11,14,False,11,2.0357854664325714,2.1148230880498886,"[55, 56, 57, 58, 59, 60, 61, 62, 63, 64, 65]","[55, 56, 57, 58, 59, 60, 61, 62, 63, 64, 65]"
11,15,False,11,2.0226705819368362,2.0980127155780792,"[55, 56, 57, 58, 59, 60, 61, 62, 63, 64, 65]","[55, 56, 57, 58, 59, 60, 61, 62, 63, 64, 65]"
11,16,False,11,2.0207632333040237,2.0957384258508682,"[55, 56, 57, 58, 59, 60, 61, 62, 63, 64, 65]","[55, 56, 57, 58, 59, 60, 61, 62, 63, 64, 65]"
11,17,False,11,2.026015892624855,2.100631594657898,"[55, 56, 57, 58, 59, 60, 61, 62, 63, 64, 65]","[55, 56, 57, 58, 59, 60, 61, 62, 63, 64, 65]"
11,18,False,11,2.0303409546613693,2.109469845890999,"[55, 56, 57, 58, 59, 60, 61, 62, 63, 64, 65]","[55, 56, 57, 58, 59, 60, 61, 62, 63, 64, 65]"
11,19,False,11,2.0282138139009476,2.105090767145157,"[55, 56, 57, 58, 59, 60, 61, 62, 63, 64, 65]","[55, 56, 57, 58, 59, 60, 61, 62, 63, 64, 65]"
11,20,False,11,2.0265989005565643,2.106389030814171,"[55, 56, 57, 58, 59, 60, 61, 62, 63, 64, 65]","[55, 56, 57, 58, 59, 60, 61, 62, 63, 64, 65]"
11,21,False,11,2.023594453930855,2.09880992770195,"[55, 56, 57, 58, 59, 60, 61, 62, 63, 64, 65]","[55, 56, 57, 58, 59, 60, 61, 62, 63, 64, 65]"
11,22,False,11,2.024885267019272,2.09902785718441,"[55, 56, 57, 58, 59, 60, 61, 62, 63, 64, 65]","[55, 56, 57, 58, 59, 60, 61, 62, 63, 64, 65]"
11,23,False,11,2.024322748184204,2.09994800388813,"[55, 56, 57, 58, 59, 60, 61, 62, 63, 64, 65]","[55, 56, 57, 58, 59, 60, 61, 62, 63, 64, 65]"
12,1,True,12,2.2439640015363693,2.3270081728696823,"[66, 67, 68, 69, 70, 71, 72, 73, 74, 75, 76, 77]","[66, 67, 68, 69, 70, 71, 72, 73, 74, 75, 76, 77]"
12,2,True,12,2.2267084568738937,2.304544672369957,"[66, 67, 68, 69, 70, 71, 72, 73, 74, 75, 76, 77]","[66, 67, 68, 69, 70, 71, 72, 73, 74, 75, 76, 77]"
12,3,True,12,2.214711159467697,2.292633056640625,"[66, 67, 68, 69, 70, 71, 72, 73, 74, 75, 76, 77]","[66, 67, 68, 69, 70, 71, 72, 73, 74, 75, 76, 77]"
12,4,False,12,2.2099800407886505,2.2857096046209335,"[66, 67, 68, 69, 70, 71, 72, 73, 74, 75, 76, 77]","[66, 67, 68, 69, 70, 71, 72, 73, 74, 75, 76, 77]"
12,5,False,12,2.243559807538986,2.324046567082405,"[66, 67, 68, 69, 70, 71, 72, 73, 74, 75, 76, 77]","[66, 67, 68, 69, 70, 71, 72, 73, 74, 75, 76, 77]"
12,6,False,12,2.212764695286751,2.2990312427282333,"[66, 67, 68, 69, 70, 71, 72, 73, 74, 75, 76, 77]","[66, 67, 68, 69, 70, 71, 72, 73, 74, 75, 76, 77]"
12,7,False,12,2.214856445789337,2.2930745035409927,"[66, 67, 68, 69, 70, 71, 72, 73, 74, 75, 76, 77]","[66, 67, 68, 69, 70, 71, 72, 73, 74, 75, 76, 77]"
12,8,False,12,2.209208905696869,2.285473048686981,"[66, 67, 68, 69, 70, 71, 72, 73, 74, 75, 76, 77]","[66, 67, 68, 69, 70, 71, 72, 73, 74, 75, 76, 77]"
12,9,False,12,2.21463106572628,2.2957362234592438,"[66, 67, 68, 69, 70, 71, 72, 73, 74, 75, 76, 77]","[66, 67, 68, 69, 70, 71, 72, 73, 74, 75, 76, 77]"
12,10,False,12,2.2130589932203293,2.2903475910425186,"[66, 67, 68, 69, 70, 71, 72, 73, 74, 75, 76, 77]","[66, 67, 68, 69, 70, 71, 72, 73, 74, 75, 76, 77]"
12,11,False,12,2.2221077233552933,2.3016314953565598,"[66, 67, 68, 69, 70, 71, 72, 73, 74, 75, 76, 77]","[66, 67, 68, 69, 70, 71, 72, 73, 74, 75, 76, 77]"
12,12,False,12,2.2068843245506287,2.2828280925750732,"[66, 67, 68, 69, 70, 71, 72, 73, 74, 75, 76, 77]","[66, 67, 68, 69, 70, 71, 72, 73, 74, 75, 76, 77]"
12,13,False,12,2.2095181047916412,2.285679802298546,"[66, 67, 68, 69, 70, 71, 72, 73, 74, 75, 76, 77]","[66, 67, 68, 69, 70, 71, 72, 73, 74, 75, 76, 77]"
12,14,False,12,2.2073015570640564,2.2824034094810486,"[66, 67, 68, 69, 70, 71, 72, 73, 74, 75, 76, 77]","[66, 67, 68, 69, 70, 71, 72, 73, 74, 75, 76, 77]"
12,15,False,12,2.20605731010437,2.281077206134796,"[66, 67, 68, 69, 70, 71, 72, 73, 74, 75, 76, 77]","[66, 67, 68, 69, 70, 71, 72, 73, 74, 75, 76, 77]"
12,16,False,12,2.2090431302785873,2.2859685122966766,"[66, 67, 68, 69, 70, 71, 72, 73, 74, 75, 76, 77]","[66, 67, 68, 69, 70, 71, 72, 73, 74, 75, 76, 77]"
12,17,False,12,2.2144299000501633,2.2923052310943604,"[66, 67, 68, 69, 70, 71, 72, 73, 74, 75, 76, 77]","[66, 67, 68, 69, 70, 71, 72, 73, 74, 75, 76, 77]"
12,18,False,12,2.208838239312172,2.286640927195549,"[66, 67, 68, 69, 70, 71, 72, 73, 74, 75, 76, 77]","[66, 67, 68, 69, 70, 71, 72, 73, 74, 75, 76, 77]"
12,19,False,12,2.209799364209175,2.2892579436302185,"[66, 67, 68, 69, 70, 71, 72, 73, 74, 75, 76, 77]","[66, 67, 68, 69, 70, 71, 72, 73, 74, 75, 76, 77]"
12,20,False,12,2.2086910903453827,2.2867023944854736,"[66, 67, 68, 69, 70, 71, 72, 73, 74, 75, 76, 77]","[66, 67, 68, 69, 70, 71, 72, 73, 74, 75, 76, 77]"
12,21,False,12,2.214048057794571,2.2911876440048218,"[66, 67, 68, 69, 70, 71, 72, 73, 74, 75, 76, 77]","[66, 67, 68, 69, 70, 71, 72, 73, 74, 75, 76, 77]"
12,22,False,12,2.2245217114686966,2.304520457983017,"[66, 67, 68, 69, 70, 71, 72, 73, 74, 75, 76, 77]","[66, 67, 68, 69, 70, 71, 72, 73, 74, 75, 76, 77]"
12,23,False,12,2.2050775587558746,2.2833365947008133,"[66, 67, 68, 69, 70, 71, 72, 73, 74, 75, 76, 77]","[66, 67, 68, 69, 70, 71, 72, 73, 74, 75, 76, 77]"
13,1,True,13,2.4322327226400375,2.515515312552452,"[78, 79, 80, 81, 82, 83, 84, 85, 86, 87, 88, 89, 90]","[78, 79, 80, 81, 82, 83, 84, 85, 86, 87, 88, 89, 90]"
13,2,True,13,2.42021307349205,2.501223236322403,"[78, 79, 80, 81, 82, 83, 84, 85, 86, 87, 88, 89, 90]","[78, 79, 80, 81, 82, 83, 84, 85, 86, 87, 88, 89, 90]"
13,3,True,13,2.404863014817238,2.4826638400554657,"[78, 79, 80, 81, 82, 83, 84, 85, 86, 87, 88, 89, 90]","[78, 79, 80, 81, 82, 83, 84, 85, 86, 87, 88, 89, 90]"
13,4,False,13,2.409638836979866,2.494102343916893,"[78, 79, 80, 81, 82, 83, 84, 85, 86, 87, 88, 89, 90]","[78, 79, 80, 81, 82, 83, 84, 85, 86, 87, 88, 89, 90]"
13,5,False,13,2.4047549813985825,2.482440322637558,"[78, 79, 80, 81, 82, 83, 84, 85, 86, 87, 88, 89, 90]","[78, 79, 80, 81, 82, 83, 84, 85, 86, 87, 88, 89, 90]"
13,6,False,13,2.3960061371326447,2.4775005877017975,"[78, 79, 80, 81, 82, 83, 84, 85, 86, 87, 88, 89, 90]","[78, 79, 80, 81, 82, 83, 84, 85, 86, 87, 88, 89, 90]"
13,7,False,13,2.3971181362867355,2.475900575518608,"[78, 79, 80, 81, 82, 83, 84, 85, 86, 87, 88, 89, 90]","[78, 79, 80, 81, 82, 83, 84, 85, 86, 87, 88, 89, 90]"
13,8,False,13,2.4987198412418365,2.589695155620575,"[78, 79, 80, 81, 82, 83, 84, 85, 86, 87, 88, 89, 90]","[78, 79, 80, 81, 82, 83, 84, 85, 86, 87, 88, 89, 90]"
13,9,False,13,2.3991912603378296,2.479126676917076,"[78, 79, 80, 81, 82, 83, 84, 85, 86, 87, 88, 89, 90]","[78, 79, 80, 81, 82, 83, 84, 85, 86, 87, 88, 89, 90]"
13,10,False,13,2.3941323161125183,2.472059801220894,"[78, 79, 80, 81, 82, 83, 84, 85, 86, 87, 88, 89, 90]","[78, 79, 80, 81, 82, 83, 84, 85, 86, 87, 88, 89, 90]"
13,11,False,13,2.3993365466594696,2.4802889674901962,"[78, 79, 80, 81, 82, 83, 84, 85, 86, 87, 88, 89, 90]","[78, 79, 80, 81, 82, 83, 84, 85, 86, 87, 88, 89, 90]"
13,12,False,13,2.4117715656757355,2.493536099791527,"[78, 79, 80, 81, 82, 83, 84, 85, 86, 87, 88, 89, 90]","[78, 79, 80, 81, 82, 83, 84, 85, 86, 87, 88, 89, 90]"
13,13,False,13,2.404123544692993,2.4832189083099365,"[78, 79, 80, 81, 82, 83, 84, 85, 86, 87, 88, 89, 90]","[78, 79, 80, 81, 82, 83, 84, 85, 86, 87, 88, 89, 90]"
13,14,False,13,2.4116896092891693,2.4919360876083374,"[78, 79, 80, 81, 82, 83, 84, 85, 86, 87, 88, 89, 90]","[78, 79, 80, 81, 82, 83, 84, 85, 86, 87, 88, 89, 90]"
13,15,False,13,2.3945048451423645,2.4735741317272186,"[78, 79, 80, 81, 82, 83, 84, 85, 86, 87, 88, 89, 90]","[78, 79, 80, 81, 82, 83, 84, 85, 86, 87, 88, 89, 90]"
13,16,False,13,2.400321885943413,2.47887521982193,"[78, 79, 80, 81, 82, 83, 84, 85, 86, 87, 88, 89, 90]","[78, 79, 80, 81, 82, 83, 84, 85, 86, 87, 88, 89, 90]"
13,17,False,13,2.4132374674081802,2.4942737072706223,"[78, 79, 80, 81, 82, 83, 84, 85, 86, 87, 88, 89, 90]","[78, 79, 80, 81, 82, 83, 84, 85, 86, 87, 88, 89, 90]"
13,18,False,13,2.395855262875557,2.473374828696251,"[78, 79, 80, 81, 82, 83, 84, 85, 86, 87, 88, 89, 90]","[78, 79, 80, 81, 82, 83, 84, 85, 86, 87, 88, 89, 90]"
13,19,False,13,2.3949742317199707,2.472778782248497,"[78, 79, 80, 81, 82, 83, 84, 85, 86, 87, 88, 89, 90]","[78, 79, 80, 81, 82, 83, 84, 85, 86, 87, 88, 89, 90]"
13,20,False,13,2.394596114754677,2.4749450385570526,"[78, 79, 80, 81, 82, 83, 84, 85, 86, 87, 88, 89, 90]","[78, 79, 80, 81, 82, 83, 84, 85, 86, 87, 88, 89, 90]"
13,21,False,13,2.391064539551735,2.468656748533249,"[78, 79, 80, 81, 82, 83, 84, 85, 86, 87, 88, 89, 90]","[78, 79, 80, 81, 82, 83, 84, 85, 86, 87, 88, 89, 90]"
13,22,False,13,2.4057570844888687,2.486797049641609,"[78, 79, 80, 81, 82, 83, 84, 85, 86, 87, 88, 89, 90]","[78, 79, 80, 81, 82, 83, 84, 85, 86, 87, 88, 89, 90]"
13,23,False,13,2.399655058979988,2.4781301617622375,"[78, 79, 80, 81, 82, 83, 84, 85, 86, 87, 88, 89, 90]","[78, 79, 80, 81, 82, 83, 84, 85, 86, 87, 88, 89, 90]"
14,1,True,14,2.6251766830682755,2.7120523154735565,"[91, 92, 93, 94, 95, 96, 97, 98, 99, 100, 101, 102, 103, 104]","[91, 92, 93, 94, 95, 96, 97, 98, 99, 100, 101, 102, 103, 104]"
14,2,True,14,2.6141684502363205,2.7027428150177,"[91, 92, 93, 94, 95, 96, 97, 98, 99, 100, 101, 102, 103, 104]","[91, 92, 93, 94, 95, 96, 97, 98, 99, 100, 101, 102, 103, 104]"
14,3,True,14,2.585010603070259,2.6652496308088303,"[91, 92, 93, 94, 95, 96, 97, 98, 99, 100, 101, 102, 103, 104]","[91, 92, 93, 94, 95, 96, 97, 98, 99, 100, 101, 102, 103, 104]"
14,4,False,14,2.5810934603214264,2.6586800813674927,"[91, 92, 93, 94, 95, 96, 97, 98, 99, 100, 101, 102, 103, 104]","[91, 92, 93, 94, 95, 96, 97, 98, 99, 100, 101, 102, 103, 104]"
14,5,False,14,2.5802291929721832,2.656940370798111,"[91, 92, 93, 94, 95, 96, 97, 98, 99, 100, 101, 102, 103, 104]","[91, 92, 93, 94, 95, 96, 97, 98, 99, 100, 101, 102, 103, 104]"
14,6,False,14,2.583179622888565,2.6616640388965607,"[91, 92, 93, 94, 95, 96, 97, 98, 99, 100, 101, 102, 103, 104]","[91, 92, 93, 94, 95, 96, 97, 98, 99, 100, 101, 102, 103, 104]"
14,7,False,14,2.5802813470363617,2.6564672589302063,"[91, 92, 93, 94, 95, 96, 97, 98, 99, 100, 101, 102, 103, 104]","[91, 92, 93, 94, 95, 96, 97, 98, 99, 100, 101, 102, 103, 104]"
14,8,False,14,2.581380307674408,2.6581082493066788,"[91, 92, 93, 94, 95, 96, 97, 98, 99, 100, 101, 102, 103, 104]","[91, 92, 93, 94, 95, 96, 97, 98, 99, 100, 101, 102, 103, 104]"
14,9,False,14,2.5810599327087402,2.6744846254587173,"[91, 92, 93, 94, 95, 96, 97, 98, 99, 100, 101, 102, 103, 104]","[91, 92, 93, 94, 95, 96, 97, 98, 99, 100, 101, 102, 103, 104]"
14,10,False,14,2.5938041508197784,2.6726089417934418,"[91, 92, 93, 94, 95, 96, 97, 98, 99, 100, 101, 102, 103, 104]","[91, 92, 93, 94, 95, 96, 97, 98, 99, 100, 101, 102, 103, 104]"
14,11,False,14,2.582645043730736,2.6608482003211975,"[91, 92, 93, 94, 95, 96, 97, 98, 99, 100, 101, 102, 103, 104]","[91, 92, 93, 94, 95, 96, 97, 98, 99, 100, 101, 102, 103, 104]"
14,12,False,14,2.5997553020715714,2.6816390454769135,"[91, 92, 93, 94, 95, 96, 97, 98, 99, 100, 101, 102, 103, 104]","[91, 92, 93, 94, 95, 96, 97, 98, 99, 100, 101, 102, 103, 104]"
14,13,False,14,2.5811847299337387,2.6604067534208298,"[91, 92, 93, 94, 95, 96, 97, 98, 99, 100, 101, 102, 103, 104]","[91, 92, 93, 94, 95, 96, 97, 98, 99, 100, 101, 102, 103, 104]"
14,14,False,14,2.583824098110199,2.6656538248062134,"[91, 92, 93, 94, 95, 96, 97, 98, 99, 100, 101, 102, 103, 104]","[91, 92, 93, 94, 95, 96, 97, 98, 99, 100, 101, 102, 103, 104]"
14,15,False,14,2.626495435833931,2.7086902409791946,"[91, 92, 93, 94, 95, 96, 97, 98, 99, 100, 101, 102, 103, 104]","[91, 92, 93, 94, 95, 96, 97, 98, 99, 100, 101, 102, 103, 104]"
14,16,False,14,2.5821495801210403,2.661813050508499,"[91, 92, 93, 94, 95, 96, 97, 98, 99, 100, 101, 102, 103, 104]","[91, 92, 93, 94, 95, 96, 97, 98, 99, 100, 101, 102, 103, 104]"
14,17,False,14,2.5992244482040405,2.6796720921993256,"[91, 92, 93, 94, 95, 96, 97, 98, 99, 100, 101, 102, 103, 104]","[91, 92, 93, 94, 95, 96, 97, 98, 99, 100, 101, 102, 103, 104]"
14,18,False,14,2.582767978310585,2.6612579822540283,"[91, 92, 93, 94, 95, 96, 97, 98, 99, 100, 101, 102, 103, 104]","[91, 92, 93, 94, 95, 96, 97, 98, 99, 100, 101, 102, 103, 104]"
14,19,False,14,2.5813616812229156,2.6572812348604202,"[91, 92, 93, 94, 95, 96, 97, 98, 99, 100, 101, 102, 103, 104]","[91, 92, 93, 94, 95, 96, 97, 98, 99, 100, 101, 102, 103, 104]"
14,20,False,14,2.583986148238182,2.6616286486387253,"[91, 92, 93, 94, 95, 96, 97, 98, 99, 100, 101, 102, 103, 104]","[91, 92, 93, 94, 95, 96, 97, 98, 99, 100, 101, 102, 103, 104]"
14,21,False,14,2.581847831606865,2.6586130261421204,"[91, 92, 93, 94, 95, 96, 97, 98, 99, 100, 101, 102, 103, 104]","[91, 92, 93, 94, 95, 96, 97, 98, 99, 100, 101, 102, 103, 104]"
14,22,False,14,2.8664004057645798,2.946745604276657,"[91, 92, 93, 94, 95, 96, 97, 98, 99, 100, 101, 102, 103, 104]","[91, 92, 93, 94, 95, 96, 97, 98, 99, 100, 101, 102, 103, 104]"
14,23,False,14,2.583524212241173,2.6662983000278473,"[91, 92, 93, 94, 95, 96, 97, 98, 99, 100, 101, 102, 103, 104]","[91, 92, 93, 94, 95, 96, 97, 98, 99, 100, 101, 102, 103, 104]"
15,1,True,15,2.8197355568408966,2.910010516643524,"[105, 106, 107, 108, 109, 110, 111, 112, 113, 114, 115, 116, 117, 118, 119]","[105, 106, 107, 108, 109, 110, 111, 112, 113, 114, 115, 116, 117, 118, 119]"
15,2,True,15,2.780601382255554,2.86174938082695,"[105, 106, 107, 108, 109, 110, 111, 112, 113, 114, 115, 116, 117, 118, 119]","[105, 106, 107, 108, 109, 110, 111, 112, 113, 114, 115, 116, 117, 118, 119]"
15,3,True,15,2.7833376079797745,2.8639957308769226,"[105, 106, 107, 108, 109, 110, 111, 112, 113, 114, 115, 116, 117, 118, 119]","[105, 106, 107, 108, 109, 110, 111, 112, 113, 114, 115, 116, 117, 118, 119]"
15,4,False,15,2.7761030942201614,2.8537288308143616,"[105, 106, 107, 108, 109, 110, 111, 112, 113, 114, 115, 116, 117, 118, 119]","[105, 106, 107, 108, 109, 110, 111, 112, 113, 114, 115, 116, 117, 118, 119]"
15,5,False,15,2.772359177470207,2.8486400842666626,"[105, 106, 107, 108, 109, 110, 111, 112, 113, 114, 115, 116, 117, 118, 119]","[105, 106, 107, 108, 109, 110, 111, 112, 113, 114, 115, 116, 117, 118, 119]"
15,6,False,15,2.789052203297615,2.8708558529615402,"[105, 106, 107, 108, 109, 110, 111, 112, 113, 114, 115, 116, 117, 118, 119]","[105, 106, 107, 108, 109, 110, 111, 112, 113, 114, 115, 116, 117, 118, 119]"
15,7,False,15,2.773404121398926,2.85356305539608,"[105, 106, 107, 108, 109, 110, 111, 112, 113, 114, 115, 116, 117, 118, 119]","[105, 106, 107, 108, 109, 110, 111, 112, 113, 114, 115, 116, 117, 118, 119]"
15,8,False,15,2.785477787256241,2.8673894703388214,"[105, 106, 107, 108, 109, 110, 111, 112, 113, 114, 115, 116, 117, 118, 119]","[105, 106, 107, 108, 109, 110, 111, 112, 113, 114, 115, 116, 117, 118, 119]"
15,9,False,15,2.775132656097412,2.8542503714561462,"[105, 106, 107, 108, 109, 110, 111, 112, 113, 114, 115, 116, 117, 118, 119]","[105, 106, 107, 108, 109, 110, 111, 112, 113, 114, 115, 116, 117, 118, 119]"
15,10,False,15,2.8011873364448547,2.8834007680416107,"[105, 106, 107, 108, 109, 110, 111, 112, 113, 114, 115, 116, 117, 118, 119]","[105, 106, 107, 108, 109, 110, 111, 112, 113, 114, 115, 116, 117, 118, 119]"
15,11,False,15,2.767397090792656,2.8462763875722885,"[105, 106, 107, 108, 109, 110, 111, 112, 113, 114, 115, 116, 117, 118, 119]","[105, 106, 107, 108, 109, 110, 111, 112, 113, 114, 115, 116, 117, 118, 119]"
15,12,False,15,2.7698446065187454,2.8533823788166046,"[105, 106, 107, 108, 109, 110, 111, 112, 113, 114, 115, 116, 117, 118, 119]","[105, 106, 107, 108, 109, 110, 111, 112, 113, 114, 115, 116, 117, 118, 119]"
15,13,False,15,2.775616943836212,2.8549935668706894,"[105, 106, 107, 108, 109, 110, 111, 112, 113, 114, 115, 116, 117, 118, 119]","[105, 106, 107, 108, 109, 110, 111, 112, 113, 114, 115, 116, 117, 118, 119]"
15,14,False,15,2.7827396988868713,2.8628483414649963,"[105, 106, 107, 108, 109, 110, 111, 112, 113, 114, 115, 116, 117, 118, 119]","[105, 106, 107, 108, 109, 110, 111, 112, 113, 114, 115, 116, 117, 118, 119]"
15,15,False,15,2.77145579457283,2.8495918959379196,"[105, 106, 107, 108, 109, 110, 111, 112, 113, 114, 115, 116, 117, 118, 119]","[105, 106, 107, 108, 109, 110, 111, 112, 113, 114, 115, 116, 117, 118, 119]"
15,16,False,15,2.770720049738884,2.852829173207283,"[105, 106, 107, 108, 109, 110, 111, 112, 113, 114, 115, 116, 117, 118, 119]","[105, 106, 107, 108, 109, 110, 111, 112, 113, 114, 115, 116, 117, 118, 119]"
15,17,False,15,2.767041325569153,2.845505252480507,"[105, 106, 107, 108, 109, 110, 111, 112, 113, 114, 115, 116, 117, 118, 119]","[105, 106, 107, 108, 109, 110, 111, 112, 113, 114, 115, 116, 117, 118, 119]"
15,18,False,15,2.7698371559381485,2.8473585844039917,"[105, 106, 107, 108, 109, 110, 111, 112, 113, 114, 115, 116, 117, 118, 119]","[105, 106, 107, 108, 109, 110, 111, 112, 113, 114, 115, 116, 117, 118, 119]"
15,19,False,15,2.7668029069900513,2.84506194293499,"[105, 106, 107, 108, 109, 110, 111, 112, 113, 114, 115, 116, 117, 118, 119]","[105, 106, 107, 108, 109, 110, 111, 112, 113, 114, 115, 116, 117, 118, 119]"
15,20,False,15,2.777133136987686,2.8563998639583588,"[105, 106, 107, 108, 109, 110, 111, 112, 113, 114, 115, 116, 117, 118, 119]","[105, 106, 107, 108, 109, 110, 111, 112, 113, 114, 115, 116, 117, 118, 119]"
15,21,False,15,2.7858037501573563,2.8726086020469666,"[105, 106, 107, 108, 109, 110, 111, 112, 113, 114, 115, 116, 117, 118, 119]","[105, 106, 107, 108, 109, 110, 111, 112, 113, 114, 115, 116, 117, 118, 119]"
15,22,False,15,2.824464812874794,2.922462299466133,"[105, 106, 107, 108, 109, 110, 111, 112, 113, 114, 115, 116, 117, 118, 119]","[105, 106, 107, 108, 109, 110, 111, 112, 113, 114, 115, 116, 117, 118, 119]"
15,23,False,15,2.776075154542923,2.8609074652194977,"[105, 106, 107, 108, 109, 110, 111, 112, 113, 114, 115, 116, 117, 118, 119]","[105, 106, 107, 108, 109, 110, 111, 112, 113, 114, 115, 116, 117, 118, 119]"
16,1,True,16,3.0078794807195663,3.225211054086685,"[120, 121, 122, 123, 124, 125, 126, 127, 128, 129, 130, 131, 132, 133, 134, 135]","[120, 121, 122, 123, 124, 125, 126, 127, 128, 129, 130, 131, 132, 133, 134, 135]"
16,2,True,16,2.9849838465452194,3.070574253797531,"[120, 121, 122, 123, 124, 125, 126, 127, 128, 129, 130, 131, 132, 133, 134, 135]","[120, 121, 122, 123, 124, 125, 126, 127, 128, 129, 130, 131, 132, 133, 134, 135]"
16,3,True,16,3.040427342057228,3.1498726457357407,"[120, 121, 122, 123, 124, 125, 126, 127, 128, 129, 130, 131, 132, 133, 134, 135]","[120, 121, 122, 123, 124, 125, 126, 127, 128, 129, 130, 131, 132, 133, 134, 135]"
16,4,False,16,2.977844327688217,3.064243122935295,"[120, 121, 122, 123, 124, 125, 126, 127, 128, 129, 130, 131, 132, 133, 134, 135]","[120, 121, 122, 123, 124, 125, 126, 127, 128, 129, 130, 131, 132, 133, 134, 135]"
16,5,False,16,2.9693879187107086,3.0517578125,"[120, 121, 122, 123, 124, 125, 126, 127, 128, 129, 130, 131, 132, 133, 134, 135]","[120, 121, 122, 123, 124, 125, 126, 127, 128, 129, 130, 131, 132, 133, 134, 135]"
16,6,False,16,2.976270392537117,3.0619632452726364,"[120, 121, 122, 123, 124, 125, 126, 127, 128, 129, 130, 131, 132, 133, 134, 135]","[120, 121, 122, 123, 124, 125, 126, 127, 128, 129, 130, 131, 132, 133, 134, 135]"
16,7,False,16,2.9631853103637695,3.049232065677643,"[120, 121, 122, 123, 124, 125, 126, 127, 128, 129, 130, 131, 132, 133, 134, 135]","[120, 121, 122, 123, 124, 125, 126, 127, 128, 129, 130, 131, 132, 133, 134, 135]"
16,8,False,16,2.9730908572673798,3.0574314296245575,"[120, 121, 122, 123, 124, 125, 126, 127, 128, 129, 130, 131, 132, 133, 134, 135]","[120, 121, 122, 123, 124, 125, 126, 127, 128, 129, 130, 131, 132, 133, 134, 135]"
16,9,False,16,2.9539503157138824,3.033580258488655,"[120, 121, 122, 123, 124, 125, 126, 127, 128, 129, 130, 131, 132, 133, 134, 135]","[120, 121, 122, 123, 124, 125, 126, 127, 128, 129, 130, 131, 132, 133, 134, 135]"
16,10,False,16,2.9506608843803406,3.0353832989931107,"[120, 121, 122, 123, 124, 125, 126, 127, 128, 129, 130, 131, 132, 133, 134, 135]","[120, 121, 122, 123, 124, 125, 126, 127, 128, 129, 130, 131, 132, 133, 134, 135]"
16,11,False,16,2.968905493617058,3.0537880957126617,"[120, 121, 122, 123, 124, 125, 126, 127, 128, 129, 130, 131, 132, 133, 134, 135]","[120, 121, 122, 123, 124, 125, 126, 127, 128, 129, 130, 131, 132, 133, 134, 135]"
16,12,False,16,2.9527563601732254,3.036828711628914,"[120, 121, 122, 123, 124, 125, 126, 127, 128, 129, 130, 131, 132, 133, 134, 135]","[120, 121, 122, 123, 124, 125, 126, 127, 128, 129, 130, 131, 132, 133, 134, 135]"
16,13,False,16,2.962494269013405,3.0435658991336823,"[120, 121, 122, 123, 124, 125, 126, 127, 128, 129, 130, 131, 132, 133, 134, 135]","[120, 121, 122, 123, 124, 125, 126, 127, 128, 129, 130, 131, 132, 133, 134, 135]"
16,14,False,16,2.9496122151613235,3.029545769095421,"[120, 121, 122, 123, 124, 125, 126, 127, 128, 129, 130, 131, 132, 133, 134, 135]","[120, 121, 122, 123, 124, 125, 126, 127, 128, 129, 130, 131, 132, 133, 134, 135]"
16,15,False,16,2.9625296592712402,3.045283257961273,"[120, 121, 122, 123, 124, 125, 126, 127, 128, 129, 130, 131, 132, 133, 134, 135]","[120, 121, 122, 123, 124, 125, 126, 127, 128, 129, 130, 131, 132, 133, 134, 135]"
16,16,False,16,2.9551945626735687,3.036458045244217,"[120, 121, 122, 123, 124, 125, 126, 127, 128, 129, 130, 131, 132, 133, 134, 135]","[120, 121, 122, 123, 124, 125, 126, 127, 128, 129, 130, 131, 132, 133, 134, 135]"
16,17,False,16,2.966327592730522,3.0547920614480972,"[120, 121, 122, 123, 124, 125, 126, 127, 128, 129, 130, 131, 132, 133, 134, 135]","[120, 121, 122, 123, 124, 125, 126, 127, 128, 129, 130, 131, 132, 133, 134, 135]"
16,18,False,16,2.9572658240795135,3.0357111245393753,"[120, 121, 122, 123, 124, 125, 126, 127, 128, 129, 130, 131, 132, 133, 134, 135]","[120, 121, 122, 123, 124, 125, 126, 127, 128, 129, 130, 131, 132, 133, 134, 135]"
16,19,False,16,2.9548946768045425,3.0391719192266464,"[120, 121, 122, 123, 124, 125, 126, 127, 128, 129, 130, 131, 132, 133, 134, 135]","[120, 121, 122, 123, 124, 125, 126, 127, 128, 129, 130, 131, 132, 133, 134, 135]"
16,20,False,16,2.9629673808813095,3.0433665961027145,"[120, 121, 122, 123, 124, 125, 126, 127, 128, 129, 130, 131, 132, 133, 134, 135]","[120, 121, 122, 123, 124, 125, 126, 127, 128, 129, 130, 131, 132, 133, 134, 135]"
16,21,False,16,2.9518138617277145,3.0335597693920135,"[120, 121, 122, 123, 124, 125, 126, 127, 128, 129, 130, 131, 132, 133, 134, 135]","[120, 121, 122, 123, 124, 125, 126, 127, 128, 129, 130, 131, 132, 133, 134, 135]"
16,22,False,16,2.962423488497734,3.0436646193265915,"[120, 121, 122, 123, 124, 125, 126, 127, 128, 129, 130, 131, 132, 133, 134, 135]","[120, 121, 122, 123, 124, 125, 126, 127, 128, 129, 130, 131, 132, 133, 134, 135]"
16,23,False,16,2.9540881514549255,3.0343402177095413,"[120, 121, 122, 123, 124, 125, 126, 127, 128, 129, 130, 131, 132, 133, 134, 135]","[120, 121, 122, 123, 124, 125, 126, 127, 128, 129, 130, 131, 132, 133, 134, 135]"
17,1,True,17,3.19577194750309,3.285922110080719,"[136, 137, 138, 139, 140, 141, 142, 143, 144, 145, 146, 147, 148, 149, 150, 151, 152]","[136, 137, 138, 139, 140, 141, 142, 143, 144, 145, 146, 147, 148, 149, 150, 151, 152]"
17,2,True,17,3.1474437564611435,3.228483721613884,"[136, 137, 138, 139, 140, 141, 142, 143, 144, 145, 146, 147, 148, 149, 150, 151, 152]","[136, 137, 138, 139, 140, 141, 142, 143, 144, 145, 146, 147, 148, 149, 150, 151, 152]"
17,3,True,17,3.1491219997406006,3.2294876873493195,"[136, 137, 138, 139, 140, 141, 142, 143, 144, 145, 146, 147, 148, 149, 150, 151, 152]","[136, 137, 138, 139, 140, 141, 142, 143, 144, 145, 146, 147, 148, 149, 150, 151, 152]"
17,4,False,17,3.1379759311676025,3.219444304704666,"[136, 137, 138, 139, 140, 141, 142, 143, 144, 145, 146, 147, 148, 149, 150, 151, 152]","[136, 137, 138, 139, 140, 141, 142, 143, 144, 145, 146, 147, 148, 149, 150, 151, 152]"
17,5,False,17,3.1429994851350784,3.225861117243767,"[136, 137, 138, 139, 140, 141, 142, 143, 144, 145, 146, 147, 148, 149, 150, 151, 152]","[136, 137, 138, 139, 140, 141, 142, 143, 144, 145, 146, 147, 148, 149, 150, 151, 152]"
17,6,False,17,3.138849511742592,3.2191630452871323,"[136, 137, 138, 139, 140, 141, 142, 143, 144, 145, 146, 147, 148, 149, 150, 151, 152]","[136, 137, 138, 139, 140, 141, 142, 143, 144, 145, 146, 147, 148, 149, 150, 151, 152]"
17,7,False,17,3.1404849141836166,3.2214634120464325,"[136, 137, 138, 139, 140, 141, 142, 143, 144, 145, 146, 147, 148, 149, 150, 151, 152]","[136, 137, 138, 139, 140, 141, 142, 143, 144, 145, 146, 147, 148, 149, 150, 151, 152]"
17,8,False,17,3.144349902868271,3.2259635627269745,"[136, 137, 138, 139, 140, 141, 142, 143, 144, 145, 146, 147, 148, 149, 150, 151, 152]","[136, 137, 138, 139, 140, 141, 142, 143, 144, 145, 146, 147, 148, 149, 150, 151, 152]"
17,9,False,17,3.143575042486191,3.227248787879944,"[136, 137, 138, 139, 140, 141, 142, 143, 144, 145, 146, 147, 148, 149, 150, 151, 152]","[136, 137, 138, 139, 140, 141, 142, 143, 144, 145, 146, 147, 148, 149, 150, 151, 152]"
17,10,False,17,3.136390820145607,3.2156724482774734,"[136, 137, 138, 139, 140, 141, 142, 143, 144, 145, 146, 147, 148, 149, 150, 151, 152]","[136, 137, 138, 139, 140, 141, 142, 143, 144, 145, 146, 147, 148, 149, 150, 151, 152]"
17,11,False,17,3.148304298520088,3.2293573021888733,"[136, 137, 138, 139, 140, 141, 142, 143, 144, 145, 146, 147, 148, 149, 150, 151, 152]","[136, 137, 138, 139, 140, 141, 142, 143, 144, 145, 146, 147, 148, 149, 150, 151, 152]"
17,12,False,17,3.1439196318387985,3.2237935811281204,"[136, 137, 138, 139, 140, 141, 142, 143, 144, 145, 146, 147, 148, 149, 150, 151, 152]","[136, 137, 138, 139, 140, 141, 142, 143, 144, 145, 146, 147, 148, 149, 150, 151, 152]"
17,13,False,17,3.150971606373787,3.2333936542272568,"[136, 137, 138, 139, 140, 141, 142, 143, 144, 145, 146, 147, 148, 149, 150, 151, 152]","[136, 137, 138, 139, 140, 141, 142, 143, 144, 145, 146, 147, 148, 149, 150, 151, 152]"
17,14,False,17,3.1414050608873367,3.223530948162079,"[136, 137, 138, 139, 140, 141, 142, 143, 144, 145, 146, 147, 148, 149, 150, 151, 152]","[136, 137, 138, 139, 140, 141, 142, 143, 144, 145, 146, 147, 148, 149, 150, 151, 152]"
17,15,False,17,3.1502842903137207,3.233203664422035,"[136, 137, 138, 139, 140, 141, 142, 143, 144, 145, 146, 147, 148, 149, 150, 151, 152]","[136, 137, 138, 139, 140, 141, 142, 143, 144, 145, 146, 147, 148, 149, 150, 151, 152]"
17,16,False,17,3.138987347483635,3.218594938516617,"[136, 137, 138, 139, 140, 141, 142, 143, 144, 145, 146, 147, 148, 149, 150, 151, 152]","[136, 137, 138, 139, 140, 141, 142, 143, 144, 145, 146, 147, 148, 149, 150, 151, 152]"
17,17,False,17,3.134738653898239,3.2197386026382446,"[136, 137, 138, 139, 140, 141, 142, 143, 144, 145, 146, 147, 148, 149, 150, 151, 152]","[136, 137, 138, 139, 140, 141, 142, 143, 144, 145, 146, 147, 148, 149, 150, 151, 152]"
17,18,False,17,3.140753135085106,3.222094848752022,"[136, 137, 138, 139, 140, 141, 142, 143, 144, 145, 146, 147, 148, 149, 150, 151, 152]","[136, 137, 138, 139, 140, 141, 142, 143, 144, 145, 146, 147, 148, 149, 150, 151, 152]"
17,19,False,17,3.138851374387741,3.2216627150774,"[136, 137, 138, 139, 140, 141, 142, 143, 144, 145, 146, 147, 148, 149, 150, 151, 152]","[136, 137, 138, 139, 140, 141, 142, 143, 144, 145, 146, 147, 148, 149, 150, 151, 152]"
17,20,False,17,3.142263740301132,3.2224711030721664,"[136, 137, 138, 139, 140, 141, 142, 143, 144, 145, 146, 147, 148, 149, 150, 151, 152]","[136, 137, 138, 139, 140, 141, 142, 143, 144, 145, 146, 147, 148, 149, 150, 151, 152]"
17,21,False,17,3.1450167298316956,3.2298993319272995,"[136, 137, 138, 139, 140, 141, 142, 143, 144, 145, 146, 147, 148, 149, 150, 151, 152]","[136, 137, 138, 139, 140, 141, 142, 143, 144, 145, 146, 147, 148, 149, 150, 151, 152]"
17,22,False,17,3.1422488391399384,3.2228119671344757,"[136, 137, 138, 139, 140, 141, 142, 143, 144, 145, 146, 147, 148, 149, 150, 151, 152]","[136, 137, 138, 139, 140, 141, 142, 143, 144, 145, 146, 147, 148, 149, 150, 151, 152]"
17,23,False,17,3.1401850283145905,3.2230839133262634,"[136, 137, 138, 139, 140, 141, 142, 143, 144, 145, 146, 147, 148, 149, 150, 151, 152]","[136, 137, 138, 139, 140, 141, 142, 143, 144, 145, 146, 147, 148, 149, 150, 151, 152]"
18,1,True,18,3.3805742859840393,3.4697670489549637,"[153, 154, 155, 156, 157, 158, 159, 160, 161, 162, 163, 164, 165, 166, 167, 168, 169, 170]","[153, 154, 155, 156, 157, 158, 159, 160, 161, 162, 163, 164, 165, 166, 167, 168, 169, 170]"
18,2,True,18,3.419050946831703,3.5065636038780212,"[153, 154, 155, 156, 157, 158, 159, 160, 161, 162, 163, 164, 165, 166, 167, 168, 169, 170]","[153, 154, 155, 156, 157, 158, 159, 160, 161, 162, 163, 164, 165, 166, 167, 168, 169, 170]"
18,3,True,18,3.35492379963398,3.439679741859436,"[153, 154, 155, 156, 157, 158, 159, 160, 161, 162, 163, 164, 165, 166, 167, 168, 169, 170]","[153, 154, 155, 156, 157, 158, 159, 160, 161, 162, 163, 164, 165, 166, 167, 168, 169, 170]"
18,4,False,18,3.331100568175316,3.413548693060875,"[153, 154, 155, 156, 157, 158, 159, 160, 161, 162, 163, 164, 165, 166, 167, 168, 169, 170]","[153, 154, 155, 156, 157, 158, 159, 160, 161, 162, 163, 164, 165, 166, 167, 168, 169, 170]"
18,5,False,18,3.3453069627285004,3.430793061852455,"[153, 154, 155, 156, 157, 158, 159, 160, 161, 162, 163, 164, 165, 166, 167, 168, 169, 170]","[153, 154, 155, 156, 157, 158, 159, 160, 161, 162, 163, 164, 165, 166, 167, 168, 169, 170]"
18,6,False,18,4.150839522480965,4.237281158566475,"[153, 154, 155, 156, 157, 158, 159, 160, 161, 162, 163, 164, 165, 166, 167, 168, 169, 170]","[153, 154, 155, 156, 157, 158, 159, 160, 161, 162, 163, 164, 165, 166, 167, 168, 169, 170]"
18,7,False,18,3.3459272235631943,3.430122509598732,"[153, 154, 155, 156, 157, 158, 159, 160, 161, 162, 163, 164, 165, 166, 167, 168, 169, 170]","[153, 154, 155, 156, 157, 158, 159, 160, 161, 162, 163, 164, 165, 166, 167, 168, 169, 170]"
18,8,False,18,3.3268071711063385,3.408104181289673,"[153, 154, 155, 156, 157, 158, 159, 160, 161, 162, 163, 164, 165, 166, 167, 168, 169, 170]","[153, 154, 155, 156, 157, 158, 159, 160, 161, 162, 163, 164, 165, 166, 167, 168, 169, 170]"
18,9,False,18,3.3273212611675262,3.4113507717847824,"[153, 154, 155, 156, 157, 158, 159, 160, 161, 162, 163, 164, 165, 166, 167, 168, 169, 170]","[153, 154, 155, 156, 157, 158, 159, 160, 161, 162, 163, 164, 165, 166, 167, 168, 169, 170]"
18,10,False,18,3.345068544149399,3.428630530834198,"[153, 154, 155, 156, 157, 158, 159, 160, 161, 162, 163, 164, 165, 166, 167, 168, 169, 170]","[153, 154, 155, 156, 157, 158, 159, 160, 161, 162, 163, 164, 165, 166, 167, 168, 169, 170]"
18,11,False,18,3.330519422888756,3.4113917499780655,"[153, 154, 155, 156, 157, 158, 159, 160, 161, 162, 163, 164, 165, 166, 167, 168, 169, 170]","[153, 154, 155, 156, 157, 158, 159, 160, 161, 162, 163, 164, 165, 166, 167, 168, 169, 170]"
18,12,False,18,6.270738318562508,6.560120731592178,"[153, 154, 155, 156, 157, 158, 159, 160, 161, 162, 163, 164, 165, 166, 167, 168, 169, 170]","[153, 154, 155, 156, 157, 158, 159, 160, 161, 162, 163, 164, 165, 166, 167, 168, 169, 170]"
18,13,False,18,3.5866405814886093,3.6750752478837967,"[153, 154, 155, 156, 157, 158, 159, 160, 161, 162, 163, 164, 165, 166, 167, 168, 169, 170]","[153, 154, 155, 156, 157, 158, 159, 160, 161, 162, 163, 164, 165, 166, 167, 168, 169, 170]"
18,14,False,18,3.368748351931572,3.4520141780376434,"[153, 154, 155, 156, 157, 158, 159, 160, 161, 162, 163, 164, 165, 166, 167, 168, 169, 170]","[153, 154, 155, 156, 157, 158, 159, 160, 161, 162, 163, 164, 165, 166, 167, 168, 169, 170]"
18,15,False,18,3.353426232933998,3.4478455781936646,"[153, 154, 155, 156, 157, 158, 159, 160, 161, 162, 163, 164, 165, 166, 167, 168, 169, 170]","[153, 154, 155, 156, 157, 158, 159, 160, 161, 162, 163, 164, 165, 166, 167, 168, 169, 170]"
18,16,False,18,3.3475402742624283,3.432147204875946,"[153, 154, 155, 156, 157, 158, 159, 160, 161, 162, 163, 164, 165, 166, 167, 168, 169, 170]","[153, 154, 155, 156, 157, 158, 159, 160, 161, 162, 163, 164, 165, 166, 167, 168, 169, 170]"
18,17,False,18,3.34140844643116,3.423679620027542,"[153, 154, 155, 156, 157, 158, 159, 160, 161, 162, 163, 164, 165, 166, 167, 168, 169, 170]","[153, 154, 155, 156, 157, 158, 159, 160, 161, 162, 163, 164, 165, 166, 167, 168, 169, 170]"
18,18,False,18,3.3645890653133392,3.4492071717977524,"[153, 154, 155, 156, 157, 158, 159, 160, 161, 162, 163, 164, 165, 166, 167, 168, 169, 170]","[153, 154, 155, 156, 157, 158, 159, 160, 161, 162, 163, 164, 165, 166, 167, 168, 169, 170]"
18,19,False,18,3.3447537571191788,3.4296028316020966,"[153, 154, 155, 156, 157, 158, 159, 160, 161, 162, 163, 164, 165, 166, 167, 168, 169, 170]","[153, 154, 155, 156, 157, 158, 159, 160, 161, 162, 163, 164, 165, 166, 167, 168, 169, 170]"
18,20,False,18,3.35506908595562,3.4395642578601837,"[153, 154, 155, 156, 157, 158, 159, 160, 161, 162, 163, 164, 165, 166, 167, 168, 169, 170]","[153, 154, 155, 156, 157, 158, 159, 160, 161, 162, 163, 164, 165, 166, 167, 168, 169, 170]"
18,21,False,18,4.4407919049263,4.5302268117666245,"[153, 154, 155, 156, 157, 158, 159, 160, 161, 162, 163, 164, 165, 166, 167, 168, 169, 170]","[153, 154, 155, 156, 157, 158, 159, 160, 161, 162, 163, 164, 165, 166, 167, 168, 169, 170]"
18,22,False,18,6.666058674454689,6.7497193813323975,"[153, 154, 155, 156, 157, 158, 159, 160, 161, 162, 163, 164, 165, 166, 167, 168, 169, 170]","[153, 154, 155, 156, 157, 158, 159, 160, 161, 162, 163, 164, 165, 166, 167, 168, 169, 170]"
18,23,False,18,5.669722333550453,5.754092708230019,"[153, 154, 155, 156, 157, 158, 159, 160, 161, 162, 163, 164, 165, 166, 167, 168, 169, 170]","[153, 154, 155, 156, 157, 158, 159, 160, 161, 162, 163, 164, 165, 166, 167, 168, 169, 170]"
19,1,True,19,4.170171916484833,4.260694608092308,"[171, 172, 173, 174, 175, 176, 177, 178, 179, 180, 181, 182, 183, 184, 185, 186, 187, 188, 189]","[171, 172, 173, 174, 175, 176, 177, 178, 179, 180, 181, 182, 183, 184, 185, 186, 187, 188, 189]"
19,2,True,19,3.552095964550972,3.6364812403917313,"[171, 172, 173, 174, 175, 176, 177, 178, 179, 180, 181, 182, 183, 184, 185, 186, 187, 188, 189]","[171, 172, 173, 174, 175, 176, 177, 178, 179, 180, 181, 182, 183, 184, 185, 186, 187, 188, 189]"
19,3,True,19,3.5407859832048416,3.626115620136261,"[171, 172, 173, 174, 175, 176, 177, 178, 179, 180, 181, 182, 183, 184, 185, 186, 187, 188, 189]","[171, 172, 173, 174, 175, 176, 177, 178, 179, 180, 181, 182, 183, 184, 185, 186, 187, 188, 189]"
19,4,False,19,3.5248305648565292,3.609323874115944,"[171, 172, 173, 174, 175, 176, 177, 178, 179, 180, 181, 182, 183, 184, 185, 186, 187, 188, 189]","[171, 172, 173, 174, 175, 176, 177, 178, 179, 180, 181, 182, 183, 184, 185, 186, 187, 188, 189]"
19,5,False,19,3.5338159650564194,3.6142710596323013,"[171, 172, 173, 174, 175, 176, 177, 178, 179, 180, 181, 182, 183, 184, 185, 186, 187, 188, 189]","[171, 172, 173, 174, 175, 176, 177, 178, 179, 180, 181, 182, 183, 184, 185, 186, 187, 188, 189]"
19,6,False,19,3.5306010395288467,3.611879423260689,"[171, 172, 173, 174, 175, 176, 177, 178, 179, 180, 181, 182, 183, 184, 185, 186, 187, 188, 189]","[171, 172, 173, 174, 175, 176, 177, 178, 179, 180, 181, 182, 183, 184, 185, 186, 187, 188, 189]"
19,7,False,19,3.5400651395320892,3.625646233558655,"[171, 172, 173, 174, 175, 176, 177, 178, 179, 180, 181, 182, 183, 184, 185, 186, 187, 188, 189]","[171, 172, 173, 174, 175, 176, 177, 178, 179, 180, 181, 182, 183, 184, 185, 186, 187, 188, 189]"
19,8,False,19,3.5317428410053253,3.612855449318886,"[171, 172, 173, 174, 175, 176, 177, 178, 179, 180, 181, 182, 183, 184, 185, 186, 187, 188, 189]","[171, 172, 173, 174, 175, 176, 177, 178, 179, 180, 181, 182, 183, 184, 185, 186, 187, 188, 189]"
19,9,False,19,3.524443134665489,3.6084577441215515,"[171, 172, 173, 174, 175, 176, 177, 178, 179, 180, 181, 182, 183, 184, 185, 186, 187, 188, 189]","[171, 172, 173, 174, 175, 176, 177, 178, 179, 180, 181, 182, 183, 184, 185, 186, 187, 188, 189]"
19,10,False,19,3.5414546728134155,3.6251042038202286,"[171, 172, 173, 174, 175, 176, 177, 178, 179, 180, 181, 182, 183, 184, 185, 186, 187, 188, 189]","[171, 172, 173, 174, 175, 176, 177, 178, 179, 180, 181, 182, 183, 184, 185, 186, 187, 188, 189]"
19,11,False,19,3.5270359367132187,3.608355298638344,"[171, 172, 173, 174, 175, 176, 177, 178, 179, 180, 181, 182, 183, 184, 185, 186, 187, 188, 189]","[171, 172, 173, 174, 175, 176, 177, 178, 179, 180, 181, 182, 183, 184, 185, 186, 187, 188, 189]"
19,12,False,19,3.5260915756225586,3.605768084526062,"[171, 172, 173, 174, 175, 176, 177, 178, 179, 180, 181, 182, 183, 184, 185, 186, 187, 188, 189]","[171, 172, 173, 174, 175, 176, 177, 178, 179, 180, 181, 182, 183, 184, 185, 186, 187, 188, 189]"
19,13,False,19,3.678126260638237,3.7717819213867188,"[171, 172, 173, 174, 175, 176, 177, 178, 179, 180, 181, 182, 183, 184, 185, 186, 187, 188, 189]","[171, 172, 173, 174, 175, 176, 177, 178, 179, 180, 181, 182, 183, 184, 185, 186, 187, 188, 189]"
19,14,False,19,3.5420451313257217,3.626631572842598,"[171, 172, 173, 174, 175, 176, 177, 178, 179, 180, 181, 182, 183, 184, 185, 186, 187, 188, 189]","[171, 172, 173, 174, 175, 176, 177, 178, 179, 180, 181, 182, 183, 184, 185, 186, 187, 188, 189]"
19,15,False,19,3.5395007580518723,3.623148426413536,"[171, 172, 173, 174, 175, 176, 177, 178, 179, 180, 181, 182, 183, 184, 185, 186, 187, 188, 189]","[171, 172, 173, 174, 175, 176, 177, 178, 179, 180, 181, 182, 183, 184, 185, 186, 187, 188, 189]"
19,16,False,19,3.5352930426597595,3.6186780780553818,"[171, 172, 173, 174, 175, 176, 177, 178, 179, 180, 181, 182, 183, 184, 185, 186, 187, 188, 189]","[171, 172, 173, 174, 175, 176, 177, 178, 179, 180, 181, 182, 183, 184, 185, 186, 187, 188, 189]"
19,17,False,19,3.534739837050438,3.6184731870889664,"[171, 172, 173, 174, 175, 176, 177, 178, 179, 180, 181, 182, 183, 184, 185, 186, 187, 188, 189]","[171, 172, 173, 174, 175, 176, 177, 178, 179, 180, 181, 182, 183, 184, 185, 186, 187, 188, 189]"
19,18,False,19,3.5216156393289566,3.603333607316017,"[171, 172, 173, 174, 175, 176, 177, 178, 179, 180, 181, 182, 183, 184, 185, 186, 187, 188, 189]","[171, 172, 173, 174, 175, 176, 177, 178, 179, 180, 181, 182, 183, 184, 185, 186, 187, 188, 189]"
19,19,False,19,3.525884822010994,3.60870361328125,"[171, 172, 173, 174, 175, 176, 177, 178, 179, 180, 181, 182, 183, 184, 185, 186, 187, 188, 189]","[171, 172, 173, 174, 175, 176, 177, 178, 179, 180, 181, 182, 183, 184, 185, 186, 187, 188, 189]"
19,20,False,19,3.523886203765869,3.6054030060768127,"[171, 172, 173, 174, 175, 176, 177, 178, 179, 180, 181, 182, 183, 184, 185, 186, 187, 188, 189]","[171, 172, 173, 174, 175, 176, 177, 178, 179, 180, 181, 182, 183, 184, 185, 186, 187, 188, 189]"
19,21,False,19,3.5240650177001953,3.6058034747838974,"[171, 172, 173, 174, 175, 176, 177, 178, 179, 180, 181, 182, 183, 184, 185, 186, 187, 188, 189]","[171, 172, 173, 174, 175, 176, 177, 178, 179, 180, 181, 182, 183, 184, 185, 186, 187, 188, 189]"
19,22,False,19,3.544386476278305,3.6290232092142105,"[171, 172, 173, 174, 175, 176, 177, 178, 179, 180, 181, 182, 183, 184, 185, 186, 187, 188, 189]","[171, 172, 173, 174, 175, 176, 177, 178, 179, 180, 181, 182, 183, 184, 185, 186, 187, 188, 189]"
19,23,False,19,3.529580309987068,3.6110561341047287,"[171, 172, 173, 174, 175, 176, 177, 178, 179, 180, 181, 182, 183, 184, 185, 186, 187, 188, 189]","[171, 172, 173, 174, 175, 176, 177, 178, 179, 180, 181, 182, 183, 184, 185, 186, 187, 188, 189]"
20,1,True,20,3.7476159632205963,3.8401875644922256,"[190, 191, 192, 193, 194, 195, 196, 197, 198, 199, 200, 201, 202, 203, 204, 205, 206, 207, 208, 209]","[190, 191, 192, 193, 194, 195, 196, 197, 198, 199, 200, 201, 202, 203, 204, 205, 206, 207, 208, 209]"
20,2,True,20,3.7231966853141785,3.8115866482257843,"[190, 191, 192, 193, 194, 195, 196, 197, 198, 199, 200, 201, 202, 203, 204, 205, 206, 207, 208, 209]","[190, 191, 192, 193, 194, 195, 196, 197, 198, 199, 200, 201, 202, 203, 204, 205, 206, 207, 208, 209]"
20,3,True,20,3.713209182024002,3.798762336373329,"[190, 191, 192, 193, 194, 195, 196, 197, 198, 199, 200, 201, 202, 203, 204, 205, 206, 207, 208, 209]","[190, 191, 192, 193, 194, 195, 196, 197, 198, 199, 200, 201, 202, 203, 204, 205, 206, 207, 208, 209]"
20,4,False,20,3.7192944437265396,3.803832456469536,"[190, 191, 192, 193, 194, 195, 196, 197, 198, 199, 200, 201, 202, 203, 204, 205, 206, 207, 208, 209]","[190, 191, 192, 193, 194, 195, 196, 197, 198, 199, 200, 201, 202, 203, 204, 205, 206, 207, 208, 209]"
20,5,False,20,3.7054363638162613,3.7886295467615128,"[190, 191, 192, 193, 194, 195, 196, 197, 198, 199, 200, 201, 202, 203, 204, 205, 206, 207, 208, 209]","[190, 191, 192, 193, 194, 195, 196, 197, 198, 199, 200, 201, 202, 203, 204, 205, 206, 207, 208, 209]"
20,6,False,20,3.7208013236522675,3.805899992585182,"[190, 191, 192, 193, 194, 195, 196, 197, 198, 199, 200, 201, 202, 203, 204, 205, 206, 207, 208, 209]","[190, 191, 192, 193, 194, 195, 196, 197, 198, 199, 200, 201, 202, 203, 204, 205, 206, 207, 208, 209]"
20,7,False,20,3.7253201007843018,3.8144849240779877,"[190, 191, 192, 193, 194, 195, 196, 197, 198, 199, 200, 201, 202, 203, 204, 205, 206, 207, 208, 209]","[190, 191, 192, 193, 194, 195, 196, 197, 198, 199, 200, 201, 202, 203, 204, 205, 206, 207, 208, 209]"
20,8,False,20,3.706973046064377,3.791067749261856,"[190, 191, 192, 193, 194, 195, 196, 197, 198, 199, 200, 201, 202, 203, 204, 205, 206, 207, 208, 209]","[190, 191, 192, 193, 194, 195, 196, 197, 198, 199, 200, 201, 202, 203, 204, 205, 206, 207, 208, 209]"
20,9,False,20,3.7181079387664795,3.805115818977356,"[190, 191, 192, 193, 194, 195, 196, 197, 198, 199, 200, 201, 202, 203, 204, 205, 206, 207, 208, 209]","[190, 191, 192, 193, 194, 195, 196, 197, 198, 199, 200, 201, 202, 203, 204, 205, 206, 207, 208, 209]"
20,10,False,20,3.718610852956772,3.80580872297287,"[190, 191, 192, 193, 194, 195, 196, 197, 198, 199, 200, 201, 202, 203, 204, 205, 206, 207, 208, 209]","[190, 191, 192, 193, 194, 195, 196, 197, 198, 199, 200, 201, 202, 203, 204, 205, 206, 207, 208, 209]"
20,11,False,20,3.7076249718666077,3.7909764796495438,"[190, 191, 192, 193, 194, 195, 196, 197, 198, 199, 200, 201, 202, 203, 204, 205, 206, 207, 208, 209]","[190, 191, 192, 193, 194, 195, 196, 197, 198, 199, 200, 201, 202, 203, 204, 205, 206, 207, 208, 209]"
20,12,False,20,3.7198271602392197,3.80525179207325,"[190, 191, 192, 193, 194, 195, 196, 197, 198, 199, 200, 201, 202, 203, 204, 205, 206, 207, 208, 209]","[190, 191, 192, 193, 194, 195, 196, 197, 198, 199, 200, 201, 202, 203, 204, 205, 206, 207, 208, 209]"
20,13,False,20,3.718789666891098,3.8022510707378387,"[190, 191, 192, 193, 194, 195, 196, 197, 198, 199, 200, 201, 202, 203, 204, 205, 206, 207, 208, 209]","[190, 191, 192, 193, 194, 195, 196, 197, 198, 199, 200, 201, 202, 203, 204, 205, 206, 207, 208, 209]"
20,14,False,20,3.707151859998703,3.7914998829364777,"[190, 191, 192, 193, 194, 195, 196, 197, 198, 199, 200, 201, 202, 203, 204, 205, 206, 207, 208, 209]","[190, 191, 192, 193, 194, 195, 196, 197, 198, 199, 200, 201, 202, 203, 204, 205, 206, 207, 208, 209]"
20,15,False,20,3.723839297890663,3.8088280707597733,"[190, 191, 192, 193, 194, 195, 196, 197, 198, 199, 200, 201, 202, 203, 204, 205, 206, 207, 208, 209]","[190, 191, 192, 193, 194, 195, 196, 197, 198, 199, 200, 201, 202, 203, 204, 205, 206, 207, 208, 209]"
20,16,False,20,3.7062447518110275,3.7918556481599808,"[190, 191, 192, 193, 194, 195, 196, 197, 198, 199, 200, 201, 202, 203, 204, 205, 206, 207, 208, 209]","[190, 191, 192, 193, 194, 195, 196, 197, 198, 199, 200, 201, 202, 203, 204, 205, 206, 207, 208, 209]"
20,17,False,20,3.7091560661792755,3.794286400079727,"[190, 191, 192, 193, 194, 195, 196, 197, 198, 199, 200, 201, 202, 203, 204, 205, 206, 207, 208, 209]","[190, 191, 192, 193, 194, 195, 196, 197, 198, 199, 200, 201, 202, 203, 204, 205, 206, 207, 208, 209]"
20,18,False,20,3.723079338669777,3.810543566942215,"[190, 191, 192, 193, 194, 195, 196, 197, 198, 199, 200, 201, 202, 203, 204, 205, 206, 207, 208, 209]","[190, 191, 192, 193, 194, 195, 196, 197, 198, 199, 200, 201, 202, 203, 204, 205, 206, 207, 208, 209]"
20,19,False,20,3.7134699523448944,3.7971287965774536,"[190, 191, 192, 193, 194, 195, 196, 197, 198, 199, 200, 201, 202, 203, 204, 205, 206, 207, 208, 209]","[190, 191, 192, 193, 194, 195, 196, 197, 198, 199, 200, 201, 202, 203, 204, 205, 206, 207, 208, 209]"
20,20,False,20,3.716152161359787,3.8022007793188095,"[190, 191, 192, 193, 194, 195, 196, 197, 198, 199, 200, 201, 202, 203, 204, 205, 206, 207, 208, 209]","[190, 191, 192, 193, 194, 195, 196, 197, 198, 199, 200, 201, 202, 203, 204, 205, 206, 207, 208, 209]"
20,21,False,20,3.7072524428367615,3.789955750107765,"[190, 191, 192, 193, 194, 195, 196, 197, 198, 199, 200, 201, 202, 203, 204, 205, 206, 207, 208, 209]","[190, 191, 192, 193, 194, 195, 196, 197, 198, 199, 200, 201, 202, 203, 204, 205, 206, 207, 208, 209]"
20,22,False,20,3.7053488194942474,3.7900712341070175,"[190, 191, 192, 193, 194, 195, 196, 197, 198, 199, 200, 201, 202, 203, 204, 205, 206, 207, 208, 209]","[190, 191, 192, 193, 194, 195, 196, 197, 198, 199, 200, 201, 202, 203, 204, 205, 206, 207, 208, 209]"
20,23,False,20,3.713782876729965,3.7972889840602875,"[190, 191, 192, 193, 194, 195, 196, 197, 198, 199, 200, 201, 202, 203, 204, 205, 206, 207, 208, 209]","[190, 191, 192, 193, 194, 195, 196, 197, 198, 199, 200, 201, 202, 203, 204, 205, 206, 207, 208, 209]"
21,1,True,21,3.9831548929214478,4.074016585946083,"[210, 211, 212, 213, 214, 215, 216, 217, 218, 219, 220, 221, 222, 223, 224, 225, 226, 227, 228, 229, 230]","[210, 211, 212, 213, 214, 215, 216, 217, 218, 219, 220, 221, 222, 223, 224, 225, 226, 227, 228, 229, 230]"
21,2,True,21,3.920532763004303,4.012485966086388,"[210, 211, 212, 213, 214, 215, 216, 217, 218, 219, 220, 221, 222, 223, 224, 225, 226, 227, 228, 229, 230]","[210, 211, 212, 213, 214, 215, 216, 217, 218, 219, 220, 221, 222, 223, 224, 225, 226, 227, 228, 229, 230]"
21,3,True,21,3.909982740879059,3.996623679995537,"[210, 211, 212, 213, 214, 215, 216, 217, 218, 219, 220, 221, 222, 223, 224, 225, 226, 227, 228, 229, 230]","[210, 211, 212, 213, 214, 215, 216, 217, 218, 219, 220, 221, 222, 223, 224, 225, 226, 227, 228, 229, 230]"
21,4,False,21,3.9051398634910583,3.990519791841507,"[210, 211, 212, 213, 214, 215, 216, 217, 218, 219, 220, 221, 222, 223, 224, 225, 226, 227, 228, 229, 230]","[210, 211, 212, 213, 214, 215, 216, 217, 218, 219, 220, 221, 222, 223, 224, 225, 226, 227, 228, 229, 230]"
21,5,False,21,3.899732604622841,3.985213115811348,"[210, 211, 212, 213, 214, 215, 216, 217, 218, 219, 220, 221, 222, 223, 224, 225, 226, 227, 228, 229, 230]","[210, 211, 212, 213, 214, 215, 216, 217, 218, 219, 220, 221, 222, 223, 224, 225, 226, 227, 228, 229, 230]"
21,6,False,21,3.895699977874756,3.980405628681183,"[210, 211, 212, 213, 214, 215, 216, 217, 218, 219, 220, 221, 222, 223, 224, 225, 226, 227, 228, 229, 230]","[210, 211, 212, 213, 214, 215, 216, 217, 218, 219, 220, 221, 222, 223, 224, 225, 226, 227, 228, 229, 230]"
21,7,False,21,3.9075613021850586,3.9936620742082596,"[210, 211, 212, 213, 214, 215, 216, 217, 218, 219, 220, 221, 222, 223, 224, 225, 226, 227, 228, 229, 230]","[210, 211, 212, 213, 214, 215, 216, 217, 218, 219, 220, 221, 222, 223, 224, 225, 226, 227, 228, 229, 230]"
21,8,False,21,3.9074067026376724,3.993794322013855,"[210, 211, 212, 213, 214, 215, 216, 217, 218, 219, 220, 221, 222, 223, 224, 225, 226, 227, 228, 229, 230]","[210, 211, 212, 213, 214, 215, 216, 217, 218, 219, 220, 221, 222, 223, 224, 225, 226, 227, 228, 229, 230]"
21,9,False,21,3.902547061443329,3.989100456237793,"[210, 211, 212, 213, 214, 215, 216, 217, 218, 219, 220, 221, 222, 223, 224, 225, 226, 227, 228, 229, 230]","[210, 211, 212, 213, 214, 215, 216, 217, 218, 219, 220, 221, 222, 223, 224, 225, 226, 227, 228, 229, 230]"
21,10,False,21,3.9019212126731873,3.9926227182149887,"[210, 211, 212, 213, 214, 215, 216, 217, 218, 219, 220, 221, 222, 223, 224, 225, 226, 227, 228, 229, 230]","[210, 211, 212, 213, 214, 215, 216, 217, 218, 219, 220, 221, 222, 223, 224, 225, 226, 227, 228, 229, 230]"
21,11,False,21,3.9119087159633636,3.9990805089473724,"[210, 211, 212, 213, 214, 215, 216, 217, 218, 219, 220, 221, 222, 223, 224, 225, 226, 227, 228, 229, 230]","[210, 211, 212, 213, 214, 215, 216, 217, 218, 219, 220, 221, 222, 223, 224, 225, 226, 227, 228, 229, 230]"
21,12,False,21,3.9033200591802597,3.9876848459243774,"[210, 211, 212, 213, 214, 215, 216, 217, 218, 219, 220, 221, 222, 223, 224, 225, 226, 227, 228, 229, 230]","[210, 211, 212, 213, 214, 215, 216, 217, 218, 219, 220, 221, 222, 223, 224, 225, 226, 227, 228, 229, 230]"
21,13,False,21,3.9040930569171906,3.9904173463582993,"[210, 211, 212, 213, 214, 215, 216, 217, 218, 219, 220, 221, 222, 223, 224, 225, 226, 227, 228, 229, 230]","[210, 211, 212, 213, 214, 215, 216, 217, 218, 219, 220, 221, 222, 223, 224, 225, 226, 227, 228, 229, 230]"
21,14,False,21,3.8980115205049515,3.985220566391945,"[210, 211, 212, 213, 214, 215, 216, 217, 218, 219, 220, 221, 222, 223, 224, 225, 226, 227, 228, 229, 230]","[210, 211, 212, 213, 214, 215, 216, 217, 218, 219, 220, 221, 222, 223, 224, 225, 226, 227, 228, 229, 230]"
21,15,False,21,3.905370831489563,3.9907842874526978,"[210, 211, 212, 213, 214, 215, 216, 217, 218, 219, 220, 221, 222, 223, 224, 225, 226, 227, 228, 229, 230]","[210, 211, 212, 213, 214, 215, 216, 217, 218, 219, 220, 221, 222, 223, 224, 225, 226, 227, 228, 229, 230]"
21,16,False,21,5.63039630651474,5.775587633252144,"[210, 211, 212, 213, 214, 215, 216, 217, 218, 219, 220, 221, 222, 223, 224, 225, 226, 227, 228, 229, 230]","[210, 211, 212, 213, 214, 215, 216, 217, 218, 219, 220, 221, 222, 223, 224, 225, 226, 227, 228, 229, 230]"
21,17,False,21,3.903808072209358,3.9898287504911423,"[210, 211, 212, 213, 214, 215, 216, 217, 218, 219, 220, 221, 222, 223, 224, 225, 226, 227, 228, 229, 230]","[210, 211, 212, 213, 214, 215, 216, 217, 218, 219, 220, 221, 222, 223, 224, 225, 226, 227, 228, 229, 230]"
21,18,False,21,3.9087943732738495,3.9939768612384796,"[210, 211, 212, 213, 214, 215, 216, 217, 218, 219, 220, 221, 222, 223, 224, 225, 226, 227, 228, 229, 230]","[210, 211, 212, 213, 214, 215, 216, 217, 218, 219, 220, 221, 222, 223, 224, 225, 226, 227, 228, 229, 230]"
21,19,False,21,3.893814980983734,3.9791539311408997,"[210, 211, 212, 213, 214, 215, 216, 217, 218, 219, 220, 221, 222, 223, 224, 225, 226, 227, 228, 229, 230]","[210, 211, 212, 213, 214, 215, 216, 217, 218, 219, 220, 221, 222, 223, 224, 225, 226, 227, 228, 229, 230]"
21,20,False,21,3.898441791534424,3.984164446592331,"[210, 211, 212, 213, 214, 215, 216, 217, 218, 219, 220, 221, 222, 223, 224, 225, 226, 227, 228, 229, 230]","[210, 211, 212, 213, 214, 215, 216, 217, 218, 219, 220, 221, 222, 223, 224, 225, 226, 227, 228, 229, 230]"
21,21,False,21,3.905452787876129,3.989962860941887,"[210, 211, 212, 213, 214, 215, 216, 217, 218, 219, 220, 221, 222, 223, 224, 225, 226, 227, 228, 229, 230]","[210, 211, 212, 213, 214, 215, 216, 217, 218, 219, 220, 221, 222, 223, 224, 225, 226, 227, 228, 229, 230]"
21,22,False,21,4.03403677046299,4.122011363506317,"[210, 211, 212, 213, 214, 215, 216, 217, 218, 219, 220, 221, 222, 223, 224, 225, 226, 227, 228, 229, 230]","[210, 211, 212, 213, 214, 215, 216, 217, 218, 219, 220, 221, 222, 223, 224, 225, 226, 227, 228, 229, 230]"
21,23,False,21,3.9024390280246735,3.987671807408333,"[210, 211, 212, 213, 214, 215, 216, 217, 218, 219, 220, 221, 222, 223, 224, 225, 226, 227, 228, 229, 230]","[210, 211, 212, 213, 214, 215, 216, 217, 218, 219, 220, 221, 222, 223, 224, 225, 226, 227, 228, 229, 230]"
22,1,True,22,4.1412655264139175,4.235144704580307,"[231, 232, 233, 234, 235, 236, 237, 238, 239, 240, 241, 242, 243, 244, 245, 246, 247, 248, 249, 250, 251, 252]","[231, 232, 233, 234, 235, 236, 237, 238, 239, 240, 241, 242, 243, 244, 245, 246, 247, 248, 249, 250, 251, 252]"
22,2,True,22,4.096688702702522,4.18495200574398,"[231, 232, 233, 234, 235, 236, 237, 238, 239, 240, 241, 242, 243, 244, 245, 246, 247, 248, 249, 250, 251, 252]","[231, 232, 233, 234, 235, 236, 237, 238, 239, 240, 241, 242, 243, 244, 245, 246, 247, 248, 249, 250, 251, 252]"
22,3,True,22,4.1030943393707275,4.192983731627464,"[231, 232, 233, 234, 235, 236, 237, 238, 239, 240, 241, 242, 243, 244, 245, 246, 247, 248, 249, 250, 251, 252]","[231, 232, 233, 234, 235, 236, 237, 238, 239, 240, 241, 242, 243, 244, 245, 246, 247, 248, 249, 250, 251, 252]"
22,4,False,22,4.094576463103294,4.1835252195596695,"[231, 232, 233, 234, 235, 236, 237, 238, 239, 240, 241, 242, 243, 244, 245, 246, 247, 248, 249, 250, 251, 252]","[231, 232, 233, 234, 235, 236, 237, 238, 239, 240, 241, 242, 243, 244, 245, 246, 247, 248, 249, 250, 251, 252]"
22,5,False,22,4.099573940038681,4.187837243080139,"[231, 232, 233, 234, 235, 236, 237, 238, 239, 240, 241, 242, 243, 244, 245, 246, 247, 248, 249, 250, 251, 252]","[231, 232, 233, 234, 235, 236, 237, 238, 239, 240, 241, 242, 243, 244, 245, 246, 247, 248, 249, 250, 251, 252]"
22,6,False,22,4.097411409020424,4.182510077953339,"[231, 232, 233, 234, 235, 236, 237, 238, 239, 240, 241, 242, 243, 244, 245, 246, 247, 248, 249, 250, 251, 252]","[231, 232, 233, 234, 235, 236, 237, 238, 239, 240, 241, 242, 243, 244, 245, 246, 247, 248, 249, 250, 251, 252]"
22,7,False,22,4.0932390838861465,4.180770367383957,"[231, 232, 233, 234, 235, 236, 237, 238, 239, 240, 241, 242, 243, 244, 245, 246, 247, 248, 249, 250, 251, 252]","[231, 232, 233, 234, 235, 236, 237, 238, 239, 240, 241, 242, 243, 244, 245, 246, 247, 248, 249, 250, 251, 252]"
22,8,False,22,4.088452085852623,4.17502224445343,"[231, 232, 233, 234, 235, 236, 237, 238, 239, 240, 241, 242, 243, 244, 245, 246, 247, 248, 249, 250, 251, 252]","[231, 232, 233, 234, 235, 236, 237, 238, 239, 240, 241, 242, 243, 244, 245, 246, 247, 248, 249, 250, 251, 252]"
22,9,False,22,4.088148474693298,4.173504188656807,"[231, 232, 233, 234, 235, 236, 237, 238, 239, 240, 241, 242, 243, 244, 245, 246, 247, 248, 249, 250, 251, 252]","[231, 232, 233, 234, 235, 236, 237, 238, 239, 240, 241, 242, 243, 244, 245, 246, 247, 248, 249, 250, 251, 252]"
22,10,False,22,4.1058845818042755,4.193328320980072,"[231, 232, 233, 234, 235, 236, 237, 238, 239, 240, 241, 242, 243, 244, 245, 246, 247, 248, 249, 250, 251, 252]","[231, 232, 233, 234, 235, 236, 237, 238, 239, 240, 241, 242, 243, 244, 245, 246, 247, 248, 249, 250, 251, 252]"
22,11,False,22,4.090271890163422,4.175953567028046,"[231, 232, 233, 234, 235, 236, 237, 238, 239, 240, 241, 242, 243, 244, 245, 246, 247, 248, 249, 250, 251, 252]","[231, 232, 233, 234, 235, 236, 237, 238, 239, 240, 241, 242, 243, 244, 245, 246, 247, 248, 249, 250, 251, 252]"
22,12,False,22,4.107918590307236,4.197459667921066,"[231, 232, 233, 234, 235, 236, 237, 238, 239, 240, 241, 242, 243, 244, 245, 246, 247, 248, 249, 250, 251, 252]","[231, 232, 233, 234, 235, 236, 237, 238, 239, 240, 241, 242, 243, 244, 245, 246, 247, 248, 249, 250, 251, 252]"
22,13,False,22,4.303401336073875,4.406392574310303,"[231, 232, 233, 234, 235, 236, 237, 238, 239, 240, 241, 242, 243, 244, 245, 246, 247, 248, 249, 250, 251, 252]","[231, 232, 233, 234, 235, 236, 237, 238, 239, 240, 241, 242, 243, 244, 245, 246, 247, 248, 249, 250, 251, 252]"
22,14,False,22,4.0852464735507965,4.171928390860558,"[231, 232, 233, 234, 235, 236, 237, 238, 239, 240, 241, 242, 243, 244, 245, 246, 247, 248, 249, 250, 251, 252]","[231, 232, 233, 234, 235, 236, 237, 238, 239, 240, 241, 242, 243, 244, 245, 246, 247, 248, 249, 250, 251, 252]"
22,15,False,22,4.1050780564546585,4.1930582374334335,"[231, 232, 233, 234, 235, 236, 237, 238, 239, 240, 241, 242, 243, 244, 245, 246, 247, 248, 249, 250, 251, 252]","[231, 232, 233, 234, 235, 236, 237, 238, 239, 240, 241, 242, 243, 244, 245, 246, 247, 248, 249, 250, 251, 252]"
22,16,False,22,4.101647064089775,4.1884128004312515,"[231, 232, 233, 234, 235, 236, 237, 238, 239, 240, 241, 242, 243, 244, 245, 246, 247, 248, 249, 250, 251, 252]","[231, 232, 233, 234, 235, 236, 237, 238, 239, 240, 241, 242, 243, 244, 245, 246, 247, 248, 249, 250, 251, 252]"
22,17,False,22,4.077395424246788,4.161963239312172,"[231, 232, 233, 234, 235, 236, 237, 238, 239, 240, 241, 242, 243, 244, 245, 246, 247, 248, 249, 250, 251, 252]","[231, 232, 233, 234, 235, 236, 237, 238, 239, 240, 241, 242, 243, 244, 245, 246, 247, 248, 249, 250, 251, 252]"
22,18,False,22,4.099151119589806,4.185287281870842,"[231, 232, 233, 234, 235, 236, 237, 238, 239, 240, 241, 242, 243, 244, 245, 246, 247, 248, 249, 250, 251, 252]","[231, 232, 233, 234, 235, 236, 237, 238, 239, 240, 241, 242, 243, 244, 245, 246, 247, 248, 249, 250, 251, 252]"
22,19,False,22,4.084311425685883,4.168450832366943,"[231, 232, 233, 234, 235, 236, 237, 238, 239, 240, 241, 242, 243, 244, 245, 246, 247, 248, 249, 250, 251, 252]","[231, 232, 233, 234, 235, 236, 237, 238, 239, 240, 241, 242, 243, 244, 245, 246, 247, 248, 249, 250, 251, 252]"
22,20,False,22,4.08027321100235,4.167636856436729,"[231, 232, 233, 234, 235, 236, 237, 238, 239, 240, 241, 242, 243, 244, 245, 246, 247, 248, 249, 250, 251, 252]","[231, 232, 233, 234, 235, 236, 237, 238, 239, 240, 241, 242, 243, 244, 245, 246, 247, 248, 249, 250, 251, 252]"
22,21,False,22,4.080928862094879,4.1667390614748,"[231, 232, 233, 234, 235, 236, 237, 238, 239, 240, 241, 242, 243, 244, 245, 246, 247, 248, 249, 250, 251, 252]","[231, 232, 233, 234, 235, 236, 237, 238, 239, 240, 241, 242, 243, 244, 245, 246, 247, 248, 249, 250, 251, 252]"
22,22,False,22,4.098314791917801,4.18451614677906,"[231, 232, 233, 234, 235, 236, 237, 238, 239, 240, 241, 242, 243, 244, 245, 246, 247, 248, 249, 250, 251, 252]","[231, 232, 233, 234, 235, 236, 237, 238, 239, 240, 241, 242, 243, 244, 245, 246, 247, 248, 249, 250, 251, 252]"
22,23,False,22,4.101522266864777,4.189031198620796,"[231, 232, 233, 234, 235, 236, 237, 238, 239, 240, 241, 242, 243, 244, 245, 246, 247, 248, 249, 250, 251, 252]","[231, 232, 233, 234, 235, 236, 237, 238, 239, 240, 241, 242, 243, 244, 245, 246, 247, 248, 249, 250, 251, 252]"
23,1,True,23,4.325954243540764,4.41984087228775,"[253, 254, 255, 0, 1, 2, 3, 4, 5, 6, 7, 8, 9, 10, 11, 12, 13, 14, 15, 16, 17, 18, 19]","[253, 254, 255, 0, 1, 2, 3, 4, 5, 6, 7, 8, 9, 10, 11, 12, 13, 14, 15, 16, 17, 18, 19]"
23,2,True,23,4.300961270928383,4.391659051179886,"[253, 254, 255, 0, 1, 2, 3, 4, 5, 6, 7, 8, 9, 10, 11, 12, 13, 14, 15, 16, 17, 18, 19]","[253, 254, 255, 0, 1, 2, 3, 4, 5, 6, 7, 8, 9, 10, 11, 12, 13, 14, 15, 16, 17, 18, 19]"
23,3,True,23,4.28444892168045,4.373831674456596,"[253, 254, 255, 0, 1, 2, 3, 4, 5, 6, 7, 8, 9, 10, 11, 12, 13, 14, 15, 16, 17, 18, 19]","[253, 254, 255, 0, 1, 2, 3, 4, 5, 6, 7, 8, 9, 10, 11, 12, 13, 14, 15, 16, 17, 18, 19]"
23,4,False,23,4.2723678052425385,4.359148442745209,"[253, 254, 255, 0, 1, 2, 3, 4, 5, 6, 7, 8, 9, 10, 11, 12, 13, 14, 15, 16, 17, 18, 19]","[253, 254, 255, 0, 1, 2, 3, 4, 5, 6, 7, 8, 9, 10, 11, 12, 13, 14, 15, 16, 17, 18, 19]"
23,5,False,23,4.28006611764431,4.368642345070839,"[253, 254, 255, 0, 1, 2, 3, 4, 5, 6, 7, 8, 9, 10, 11, 12, 13, 14, 15, 16, 17, 18, 19]","[253, 254, 255, 0, 1, 2, 3, 4, 5, 6, 7, 8, 9, 10, 11, 12, 13, 14, 15, 16, 17, 18, 19]"
23,6,False,23,4.288148134946823,4.378164187073708,"[253, 254, 255, 0, 1, 2, 3, 4, 5, 6, 7, 8, 9, 10, 11, 12, 13, 14, 15, 16, 17, 18, 19]","[253, 254, 255, 0, 1, 2, 3, 4, 5, 6, 7, 8, 9, 10, 11, 12, 13, 14, 15, 16, 17, 18, 19]"
23,7,False,23,4.2861271649599075,4.374906420707703,"[253, 254, 255, 0, 1, 2, 3, 4, 5, 6, 7, 8, 9, 10, 11, 12, 13, 14, 15, 16, 17, 18, 19]","[253, 254, 255, 0, 1, 2, 3, 4, 5, 6, 7, 8, 9, 10, 11, 12, 13, 14, 15, 16, 17, 18, 19]"
23,8,False,23,4.273364320397377,4.359295591711998,"[253, 254, 255, 0, 1, 2, 3, 4, 5, 6, 7, 8, 9, 10, 11, 12, 13, 14, 15, 16, 17, 18, 19]","[253, 254, 255, 0, 1, 2, 3, 4, 5, 6, 7, 8, 9, 10, 11, 12, 13, 14, 15, 16, 17, 18, 19]"
23,9,False,23,4.281872883439064,4.371175542473793,"[253, 254, 255, 0, 1, 2, 3, 4, 5, 6, 7, 8, 9, 10, 11, 12, 13, 14, 15, 16, 17, 18, 19]","[253, 254, 255, 0, 1, 2, 3, 4, 5, 6, 7, 8, 9, 10, 11, 12, 13, 14, 15, 16, 17, 18, 19]"
23,10,False,23,4.287814721465111,4.377108067274094,"[253, 254, 255, 0, 1, 2, 3, 4, 5, 6, 7, 8, 9, 10, 11, 12, 13, 14, 15, 16, 17, 18, 19]","[253, 254, 255, 0, 1, 2, 3, 4, 5, 6, 7, 8, 9, 10, 11, 12, 13, 14, 15, 16, 17, 18, 19]"
23,11,False,23,4.275674000382423,4.363527521491051,"[253, 254, 255, 0, 1, 2, 3, 4, 5, 6, 7, 8, 9, 10, 11, 12, 13, 14, 15, 16, 17, 18, 19]","[253, 254, 255, 0, 1, 2, 3, 4, 5, 6, 7, 8, 9, 10, 11, 12, 13, 14, 15, 16, 17, 18, 19]"
23,12,False,23,4.289375618100166,4.379004240036011,"[253, 254, 255, 0, 1, 2, 3, 4, 5, 6, 7, 8, 9, 10, 11, 12, 13, 14, 15, 16, 17, 18, 19]","[253, 254, 255, 0, 1, 2, 3, 4, 5, 6, 7, 8, 9, 10, 11, 12, 13, 14, 15, 16, 17, 18, 19]"
23,13,False,23,4.285471513867378,4.373529925942421,"[253, 254, 255, 0, 1, 2, 3, 4, 5, 6, 7, 8, 9, 10, 11, 12, 13, 14, 15, 16, 17, 18, 19]","[253, 254, 255, 0, 1, 2, 3, 4, 5, 6, 7, 8, 9, 10, 11, 12, 13, 14, 15, 16, 17, 18, 19]"
23,14,False,23,4.274366423487663,4.361700266599655,"[253, 254, 255, 0, 1, 2, 3, 4, 5, 6, 7, 8, 9, 10, 11, 12, 13, 14, 15, 16, 17, 18, 19]","[253, 254, 255, 0, 1, 2, 3, 4, 5, 6, 7, 8, 9, 10, 11, 12, 13, 14, 15, 16, 17, 18, 19]"
23,15,False,23,4.285195842385292,4.373382776975632,"[253, 254, 255, 0, 1, 2, 3, 4, 5, 6, 7, 8, 9, 10, 11, 12, 13, 14, 15, 16, 17, 18, 19]","[253, 254, 255, 0, 1, 2, 3, 4, 5, 6, 7, 8, 9, 10, 11, 12, 13, 14, 15, 16, 17, 18, 19]"
23,16,False,23,4.273565486073494,4.359839484095573,"[253, 254, 255, 0, 1, 2, 3, 4, 5, 6, 7, 8, 9, 10, 11, 12, 13, 14, 15, 16, 17, 18, 19]","[253, 254, 255, 0, 1, 2, 3, 4, 5, 6, 7, 8, 9, 10, 11, 12, 13, 14, 15, 16, 17, 18, 19]"
23,17,False,23,4.270264878869057,4.357550293207169,"[253, 254, 255, 0, 1, 2, 3, 4, 5, 6, 7, 8, 9, 10, 11, 12, 13, 14, 15, 16, 17, 18, 19]","[253, 254, 255, 0, 1, 2, 3, 4, 5, 6, 7, 8, 9, 10, 11, 12, 13, 14, 15, 16, 17, 18, 19]"
23,18,False,23,4.270473495125771,4.359511658549309,"[253, 254, 255, 0, 1, 2, 3, 4, 5, 6, 7, 8, 9, 10, 11, 12, 13, 14, 15, 16, 17, 18, 19]","[253, 254, 255, 0, 1, 2, 3, 4, 5, 6, 7, 8, 9, 10, 11, 12, 13, 14, 15, 16, 17, 18, 19]"
23,19,False,23,4.277195781469345,4.363914951682091,"[253, 254, 255, 0, 1, 2, 3, 4, 5, 6, 7, 8, 9, 10, 11, 12, 13, 14, 15, 16, 17, 18, 19]","[253, 254, 255, 0, 1, 2, 3, 4, 5, 6, 7, 8, 9, 10, 11, 12, 13, 14, 15, 16, 17, 18, 19]"
23,20,False,23,4.270212724804878,4.356905817985535,"[253, 254, 255, 0, 1, 2, 3, 4, 5, 6, 7, 8, 9, 10, 11, 12, 13, 14, 15, 16, 17, 18, 19]","[253, 254, 255, 0, 1, 2, 3, 4, 5, 6, 7, 8, 9, 10, 11, 12, 13, 14, 15, 16, 17, 18, 19]"
23,21,False,23,4.283435642719269,4.373149946331978,"[253, 254, 255, 0, 1, 2, 3, 4, 5, 6, 7, 8, 9, 10, 11, 12, 13, 14, 15, 16, 17, 18, 19]","[253, 254, 255, 0, 1, 2, 3, 4, 5, 6, 7, 8, 9, 10, 11, 12, 13, 14, 15, 16, 17, 18, 19]"
23,22,False,23,4.292653873562813,4.382558166980743,"[253, 254, 255, 0, 1, 2, 3, 4, 5, 6, 7, 8, 9, 10, 11, 12, 13, 14, 15, 16, 17, 18, 19]","[253, 254, 255, 0, 1, 2, 3, 4, 5, 6, 7, 8, 9, 10, 11, 12, 13, 14, 15, 16, 17, 18, 19]"
23,23,False,23,4.26902063190937,4.353957250714302,"[253, 254, 255, 0, 1, 2, 3, 4, 5, 6, 7, 8, 9, 10, 11, 12, 13, 14, 15, 16, 17, 18, 19]","[253, 254, 255, 0, 1, 2, 3, 4, 5, 6, 7, 8, 9, 10, 11, 12, 13, 14, 15, 16, 17, 18, 19]"
24,1,True,24,4.511252045631409,4.611600190401077,"[20, 21, 22, 23, 24, 25, 26, 27, 28, 29, 30, 31, 32, 33, 34, 35, 36, 37, 38, 39, 40, 41, 42, 43]","[20, 21, 22, 23, 24, 25, 26, 27, 28, 29, 30, 31, 32, 33, 34, 35, 36, 37, 38, 39, 40, 41, 42, 43]"
24,2,True,24,4.4656917452812195,4.552809521555901,"[20, 21, 22, 23, 24, 25, 26, 27, 28, 29, 30, 31, 32, 33, 34, 35, 36, 37, 38, 39, 40, 41, 42, 43]","[20, 21, 22, 23, 24, 25, 26, 27, 28, 29, 30, 31, 32, 33, 34, 35, 36, 37, 38, 39, 40, 41, 42, 43]"
24,3,True,24,4.463592544198036,4.551922902464867,"[20, 21, 22, 23, 24, 25, 26, 27, 28, 29, 30, 31, 32, 33, 34, 35, 36, 37, 38, 39, 40, 41, 42, 43]","[20, 21, 22, 23, 24, 25, 26, 27, 28, 29, 30, 31, 32, 33, 34, 35, 36, 37, 38, 39, 40, 41, 42, 43]"
24,4,False,24,4.467681050300598,4.555096849799156,"[20, 21, 22, 23, 24, 25, 26, 27, 28, 29, 30, 31, 32, 33, 34, 35, 36, 37, 38, 39, 40, 41, 42, 43]","[20, 21, 22, 23, 24, 25, 26, 27, 28, 29, 30, 31, 32, 33, 34, 35, 36, 37, 38, 39, 40, 41, 42, 43]"
24,5,False,24,4.465373232960701,4.5553892850875854,"[20, 21, 22, 23, 24, 25, 26, 27, 28, 29, 30, 31, 32, 33, 34, 35, 36, 37, 38, 39, 40, 41, 42, 43]","[20, 21, 22, 23, 24, 25, 26, 27, 28, 29, 30, 31, 32, 33, 34, 35, 36, 37, 38, 39, 40, 41, 42, 43]"
24,6,False,24,4.47302870452404,4.563853144645691,"[20, 21, 22, 23, 24, 25, 26, 27, 28, 29, 30, 31, 32, 33, 34, 35, 36, 37, 38, 39, 40, 41, 42, 43]","[20, 21, 22, 23, 24, 25, 26, 27, 28, 29, 30, 31, 32, 33, 34, 35, 36, 37, 38, 39, 40, 41, 42, 43]"
24,7,False,24,4.468774423003197,4.55416738986969,"[20, 21, 22, 23, 24, 25, 26, 27, 28, 29, 30, 31, 32, 33, 34, 35, 36, 37, 38, 39, 40, 41, 42, 43]","[20, 21, 22, 23, 24, 25, 26, 27, 28, 29, 30, 31, 32, 33, 34, 35, 36, 37, 38, 39, 40, 41, 42, 43]"
24,8,False,24,4.461698234081268,4.548287019133568,"[20, 21, 22, 23, 24, 25, 26, 27, 28, 29, 30, 31, 32, 33, 34, 35, 36, 37, 38, 39, 40, 41, 42, 43]","[20, 21, 22, 23, 24, 25, 26, 27, 28, 29, 30, 31, 32, 33, 34, 35, 36, 37, 38, 39, 40, 41, 42, 43]"
24,9,False,24,4.454180598258972,4.5402999967336655,"[20, 21, 22, 23, 24, 25, 26, 27, 28, 29, 30, 31, 32, 33, 34, 35, 36, 37, 38, 39, 40, 41, 42, 43]","[20, 21, 22, 23, 24, 25, 26, 27, 28, 29, 30, 31, 32, 33, 34, 35, 36, 37, 38, 39, 40, 41, 42, 43]"
24,10,False,24,4.458129405975342,4.545584321022034,"[20, 21, 22, 23, 24, 25, 26, 27, 28, 29, 30, 31, 32, 33, 34, 35, 36, 37, 38, 39, 40, 41, 42, 43]","[20, 21, 22, 23, 24, 25, 26, 27, 28, 29, 30, 31, 32, 33, 34, 35, 36, 37, 38, 39, 40, 41, 42, 43]"
24,11,False,24,4.467569291591644,4.557324573397636,"[20, 21, 22, 23, 24, 25, 26, 27, 28, 29, 30, 31, 32, 33, 34, 35, 36, 37, 38, 39, 40, 41, 42, 43]","[20, 21, 22, 23, 24, 25, 26, 27, 28, 29, 30, 31, 32, 33, 34, 35, 36, 37, 38, 39, 40, 41, 42, 43]"
24,12,False,24,4.4602882117033005,4.5462679117918015,"[20, 21, 22, 23, 24, 25, 26, 27, 28, 29, 30, 31, 32, 33, 34, 35, 36, 37, 38, 39, 40, 41, 42, 43]","[20, 21, 22, 23, 24, 25, 26, 27, 28, 29, 30, 31, 32, 33, 34, 35, 36, 37, 38, 39, 40, 41, 42, 43]"
24,13,False,24,4.471233114600182,4.557080566883087,"[20, 21, 22, 23, 24, 25, 26, 27, 28, 29, 30, 31, 32, 33, 34, 35, 36, 37, 38, 39, 40, 41, 42, 43]","[20, 21, 22, 23, 24, 25, 26, 27, 28, 29, 30, 31, 32, 33, 34, 35, 36, 37, 38, 39, 40, 41, 42, 43]"
24,14,False,24,4.4656358659267426,4.55377995967865,"[20, 21, 22, 23, 24, 25, 26, 27, 28, 29, 30, 31, 32, 33, 34, 35, 36, 37, 38, 39, 40, 41, 42, 43]","[20, 21, 22, 23, 24, 25, 26, 27, 28, 29, 30, 31, 32, 33, 34, 35, 36, 37, 38, 39, 40, 41, 42, 43]"
24,15,False,24,4.474533721804619,4.562908783555031,"[20, 21, 22, 23, 24, 25, 26, 27, 28, 29, 30, 31, 32, 33, 34, 35, 36, 37, 38, 39, 40, 41, 42, 43]","[20, 21, 22, 23, 24, 25, 26, 27, 28, 29, 30, 31, 32, 33, 34, 35, 36, 37, 38, 39, 40, 41, 42, 43]"
24,16,False,24,4.466699436306953,4.554761573672295,"[20, 21, 22, 23, 24, 25, 26, 27, 28, 29, 30, 31, 32, 33, 34, 35, 36, 37, 38, 39, 40, 41, 42, 43]","[20, 21, 22, 23, 24, 25, 26, 27, 28, 29, 30, 31, 32, 33, 34, 35, 36, 37, 38, 39, 40, 41, 42, 43]"
24,17,False,24,4.453390836715698,4.538476467132568,"[20, 21, 22, 23, 24, 25, 26, 27, 28, 29, 30, 31, 32, 33, 34, 35, 36, 37, 38, 39, 40, 41, 42, 43]","[20, 21, 22, 23, 24, 25, 26, 27, 28, 29, 30, 31, 32, 33, 34, 35, 36, 37, 38, 39, 40, 41, 42, 43]"
24,18,False,24,4.621302708983421,4.71905805170536,"[20, 21, 22, 23, 24, 25, 26, 27, 28, 29, 30, 31, 32, 33, 34, 35, 36, 37, 38, 39, 40, 41, 42, 43]","[20, 21, 22, 23, 24, 25, 26, 27, 28, 29, 30, 31, 32, 33, 34, 35, 36, 37, 38, 39, 40, 41, 42, 43]"
24,19,False,24,4.477284848690033,4.565827548503876,"[20, 21, 22, 23, 24, 25, 26, 27, 28, 29, 30, 31, 32, 33, 34, 35, 36, 37, 38, 39, 40, 41, 42, 43]","[20, 21, 22, 23, 24, 25, 26, 27, 28, 29, 30, 31, 32, 33, 34, 35, 36, 37, 38, 39, 40, 41, 42, 43]"
24,20,False,24,4.771687090396881,4.875315353274345,"[20, 21, 22, 23, 24, 25, 26, 27, 28, 29, 30, 31, 32, 33, 34, 35, 36, 37, 38, 39, 40, 41, 42, 43]","[20, 21, 22, 23, 24, 25, 26, 27, 28, 29, 30, 31, 32, 33, 34, 35, 36, 37, 38, 39, 40, 41, 42, 43]"
24,21,False,24,4.454432055354118,4.543311893939972,"[20, 21, 22, 23, 24, 25, 26, 27, 28, 29, 30, 31, 32, 33, 34, 35, 36, 37, 38, 39, 40, 41, 42, 43]","[20, 21, 22, 23, 24, 25, 26, 27, 28, 29, 30, 31, 32, 33, 34, 35, 36, 37, 38, 39, 40, 41, 42, 43]"
24,22,False,24,4.463609308004379,4.551803693175316,"[20, 21, 22, 23, 24, 25, 26, 27, 28, 29, 30, 31, 32, 33, 34, 35, 36, 37, 38, 39, 40, 41, 42, 43]","[20, 21, 22, 23, 24, 25, 26, 27, 28, 29, 30, 31, 32, 33, 34, 35, 36, 37, 38, 39, 40, 41, 42, 43]"
24,23,False,24,4.477476701140404,4.565885290503502,"[20, 21, 22, 23, 24, 25, 26, 27, 28, 29, 30, 31, 32, 33, 34, 35, 36, 37, 38, 39, 40, 41, 42, 43]","[20, 21, 22, 23, 24, 25, 26, 27, 28, 29, 30, 31, 32, 33, 34, 35, 36, 37, 38, 39, 40, 41, 42, 43]"
