pages,mean_unmapped,mean_unmap_ms,p95_ms,per_page_ms
1.0,1.0,0.3152,0.9532,0.3152
2.0,2.0,2.3089,2.3682,1.1545
3.0,3.0,4.3899,4.5163,1.4633
4.0,4.0,6.75,7.1723,1.6875
5.0,5.0,8.6895,8.9765,1.7379
6.0,6.0,10.7804,11.1679,1.7967
7.0,7.0,13.5107,14.0912,1.9301
8.0,8.0,15.0025,15.5094,1.8753
9.0,9.0,17.1527,18.0393,1.9059
10.0,10.0,19.3285,20.5067,1.9328
11.0,11.0,21.9503,23.5001,1.9955
12.0,12.0,23.442,24.2769,1.9535
13.0,13.0,25.7797,27.1398,1.9831
14.0,14.0,28.9457,29.3557,2.0675
15.0,15.0,29.8508,30.68,1.9901
16.0,16.0,32.6014,33.6148,2.0376
17.0,17.0,34.0932,35.5759,2.0055
18.0,18.0,36.9242,38.3028,2.0513
19.0,19.0,38.2387,39.8313,2.0126
20.0,20.0,41.5331,44.1088,2.0767
21.0,21.0,42.178,42.9586,2.0085
22.0,22.0,45.6989,47.8174,2.0772
23.0,23.0,47.6753,49.4684,2.0728
24.0,24.0,49.1597,50.6721,2.0483
